make,model
abarth,1300
abarth,750
abarth,OT
abarth,207
abarth,Renault
abarth,2400
abarth,A 112
abarth,1000
abarth,700
abarth,Lancia 037
abarth,1000 Bialbero 
abarth,Bialbero
abarth,600
abarth,2000
abarth,500
abarth,Spider Riviera
abarth,800 Scorpione Coupe Allemano
abarth,595
abarth,1000 TC Corsa
abarth,Coupe
abarth,Mono 1000
abarth,2200
abarth,Stola
abarth,124
abarth,1500
abarth,1600
abarth,Grande Punto
abarth,1000 GT
abarth,850
abarth,209
abarth,210
abarth,Simca
abarth,Monotipo
abarth,205
abarth,103 GT
abarth,Monomille
abarth,208
ac,Greyhound
ac,2-Litre
ac,Cobra
ac,Aceca
ac,Ace
ac,428
ac,Aceca-Bristol
ac,427
acura,RL
acura,MDX
acura,RSX
acura,TSX
acura,TL
acura,NSX
acura,Integra
acura,Legend
acura,CL
acura,RDX
acura,EL
acura,CL-X
acura,SLX
alfa-romeo,156
alfa-romeo,Alfa 6
alfa-romeo,33
alfa-romeo,155
alfa-romeo,Spider
alfa-romeo,GT
alfa-romeo,AR 51
alfa-romeo,GTV
alfa-romeo,147
alfa-romeo,Giulia
alfa-romeo,2600
alfa-romeo,Proteo
alfa-romeo,Giulietta
alfa-romeo,Alfasud
alfa-romeo,159
alfa-romeo,Berlina
alfa-romeo,145
alfa-romeo,SZ
alfa-romeo,GP 159
alfa-romeo,164
alfa-romeo,6C
alfa-romeo,1750
alfa-romeo,Brera
alfa-romeo,166
alfa-romeo,Alfetta
alfa-romeo,33 Tt
alfa-romeo,90
alfa-romeo,146
alfa-romeo,GTA
alfa-romeo,75
alfa-romeo,Junior
alfa-romeo,Scarabeo
alfa-romeo,33 Race
alfa-romeo,1900
alfa-romeo,Graduate
alfa-romeo,Navajo
alfa-romeo,33 Stradale
alfa-romeo,GP 158
alfa-romeo,Crosswagon
alfa-romeo,RZ
alfa-romeo,Disco Volante
alfa-romeo,Sprint
alfa-romeo,Eagle
alfa-romeo,Arna
alfa-romeo,Dardo
alfa-romeo,Sportwagon
alfa-romeo,Bella
alfa-romeo,Cuneo
alfa-romeo,Sportiva
alfa-romeo,Nuvola
alfa-romeo,Sportut
alfa-romeo,MiTo
alfa-romeo,Centauri
alfa-romeo,2000
alfa-romeo,Kamal
alfa-romeo,Caimano
alfa-romeo,8C Competizione
alfa-romeo,Scighera
alfa-romeo,179
alfa-romeo,Coupe
alfa-romeo,GTV6
alfa-romeo,Carabo
alfa-romeo,175
allard,J1
allard,Palm Beach
allard,P1
allard,J
allard,J2X
allard,K2
allard,K3
allard,J2
allard,K1
allard,M1
allard,J2R
allard,GT
allard,Safari
alpina,B6
alpina,B7
alpina,B3
alpina,B 10
alpina,B5
alpina,B 12
alpina,Roadster
alpina,2002
alpina,3
alpina,D3
alpina,B
alpine,A 310
alpine,A 442
alpine,A 610
alpine,A 110
alpine,A
alpine,A 106
alpine,A 108
alpine,V6
alvis,TA 21
alvis,TD
alvis,TA 14
alvis,TC 108 G
alvis,TC 21
alvis,TB 14
alvis,TF
alvis,TB 21
alvis,TC
amc,Ambassador
amc,AMX
amc,Pacer
amc,Javelin
amc,Matador
amc,AMX III
amc,Hornet
amc,Gremlin
ariel,Atom
armstrong-siddeley,Sapphire
armstrong-siddeley,Star Sapphire
armstrong-siddeley,16
armstrong-siddeley,Whitley
ascari,KZ1
ascari,Ecosse
ascari,FG-T
aston-martin,V8 Volante
aston-martin,DB4
aston-martin,DB5
aston-martin,DB9
aston-martin,V8 Zagato
aston-martin,DBS
aston-martin,DB7
aston-martin,Vanquish
aston-martin,Lagonda
aston-martin,V12
aston-martin,V8 Saloon
aston-martin,AM Vantage
aston-martin,DB2
aston-martin,Virage
aston-martin,Vantage
aston-martin,DB3
aston-martin,V8
aston-martin,V8 Vantage
aston-martin,DB6
aston-martin,DBR2
aston-martin,15
aston-martin,Project Vantage
aston-martin,Atom
aston-martin,2-Litre
audi,A3
audi,S3
audi,A6
audi,100
audi,A4
audi,TT
audi,A8
audi,200
audi,S4
audi,S6
audi,A2
audi,S8
audi,Q7
audi,RS4
audi,80
audi,RS6
audi,UR
audi,Super 90
audi,Sport
audi,Coupe
audi,V8
audi,R8
audi,90
audi,Allroad
audi,AL2
audi,A5
audi,50
audi,LeMans
audi,4000
audi,S5
audi,Q5
audi,RS2
audi,Variant
audi,Avantissimo
audi,S2
audi,Avus
audi,5000
audi,Rosemeyer
audi,Steppenwolf
audi,AD
audi,Quattro
audi,Nuvolari Quattro
audi,R8R
audi,Pikes Peak Quattro
audi,Asso
austin,A 40
austin,1800
austin,Allegro
austin,Princess
austin,A 70
austin,10 HP
austin,Maxi
austin,A 30
austin,16
austin,A
austin,7
austin,8
austin,Maestro
austin,A 35
austin,A135
austin,Montego
austin,A 110
austin,A 90
austin,Marina
austin,A 125
austin,A 95
austin,1300
austin,A 60
austin,Ambassador
austin,Mini Clubman
austin,A 55
austin,A 99
austin,Mini Metro
austin,Mini Cooper
austin,A 135
austin,Mini Sky
austin,3
austin,3-Litre
austin,2200
austin-healey,100
austin-healey,Sprite
austin-healey,Tickford
austin-healey,3000 Mk III
austin-healey,Sports Convertible
austin-healey,3000 Mk II
austin-healey,3000
autobianchi,Bianchina
autobianchi,A 112
autobianchi,Primula
autobianchi,Stellina
auverland,A3
auverland,A4
avanti,Avanti
avanti,Sport Convertible
avanti,Studebaker
beijing,BJ 2021
beijing,BJ 212
beijing,BJ 2020
bentley,Brooklands
bentley,Arnage
bentley,Mulsanne
bentley,Continental GT
bentley,Continental GTC
bentley,R Type Continental
bentley,Azure
bentley,Continental T
bentley,Continental Flying Spur
bentley,State Limousine
bentley,Continental
bentley,T2
bentley,S2
bentley,T
bentley,Turbo
bentley,Mark VI
bentley,Hunaudieres
bentley,Exp Speed 8
bentley,S1
bentley,Java
bentley,MK V
berkeley,QB
berkeley,B
berkeley,Twosome
berkeley,Foursome
berkeley,B 95
berkeley,Sports
bitter,CD
bitter,SC
bitter,Diplomat
bitter,Type III
bizzarrini,BZ-2001
bizzarrini,Manta
bizzarrini,A3C
bizzarrini,GT
bizzarrini,GTS
bmw,320
bmw,318
bmw,730
bmw,545
bmw,M3
bmw,525
bmw,X5
bmw,325
bmw,2002
bmw,745
bmw,135
bmw,628
bmw,530
bmw,Z4
bmw,518
bmw,330
bmw,X3
bmw,Compact
bmw,728
bmw,Z9
bmw,316
bmw,535
bmw,120
bmw,335
bmw,740
bmw,550
bmw,130
bmw,M6
bmw,760
bmw,323
bmw,520
bmw,Formula FB02
bmw,Isetta
bmw,X6
bmw,650
bmw,1502
bmw,Z18
bmw,523
bmw,M5
bmw,630
bmw,118
bmw,645
bmw,125
bmw,328
bmw,750
bmw,3
bmw,1600
bmw,502
bmw,Mini ACV 30
bmw,Just 4
bmw,Touring
bmw,Z1
bmw,3200 CS
bmw,840
bmw,854
bmw,340
bmw,324
bmw,315
bmw,Convertible
bmw,333
bmw,528
bmw,2000
bmw,735
bmw,L7
bmw,501
bmw,116
bmw,Z22
bmw,507
bmw,Dinan
bmw,317
bmw,524
bmw,Z3
bmw,Pickster
bmw,700
bmw,2.8
bmw,M1
bmw,725
bmw,Z8
bmw,845
bmw,M
bmw,850
bmw,Alpina
bmw,540
bmw,5.8
bmw,503
bmw,V12
bmw,1500
bmw,633
bmw,S3
bmw,600
bmw,3.3
bmw,2800
bmw,X Activity
bmw,2004
bmw,Karmann Asso di Quadri
bmw,1800
bmw,Veritas Rennsportwagen
bmw,529
bmw,538
bmw,332
bmw,729
bmw,128
bmw,MM Roadster
bmw,856
bmw,X Coupe
bmw,635
bmw,1602
bmw,732
bmw,Z9 Gran Turismo Convertible
bmw,B7
bmw,M12
bmw,CLS
bmw,Turbo
bmw,Coupe
bmw,M28i
bmw,Breyton
bmw,FW 27
bmw,LMR
bmw,Formula One
bmw,748
brilliance,BS4
brilliance,BS6
bristol,Project Fighter
bristol,450
bristol,Beaufighter
bristol,401
bristol,406
bristol,410
bristol,Fighter
bristol,409
bristol,Blenheim
bristol,407
bristol,405
bristol,411
bristol,Brigand
bristol,408
bristol,403
bristol,400
bristol,412
bristol,404
bristol,603
bristol,Britannia
bristol,402
bugatti,Veyron
bugatti,251
bugatti,Type 101
bugatti,EB 18-4 Veyron
bugatti,EB 218
bugatti,Type 68
bugatti,EB 110
bugatti,ID 90
bugatti,EB 118
bugatti,EB 18-3 Chiron
bugatti,Type 73
bugatti,Chiron
bugatti,EB 112
buick,LaCrosse
buick,Skyhawk
buick,Cielo
buick,Park Avenue
buick,Regal
buick,GS
buick,LeSabre
buick,Roadmaster
buick,Skylark
buick,Electra
buick,Rendezvous
buick,40
buick,Blackhawk
buick,Terraza
buick,Reatta
buick,Lucerne
buick,Riviera
buick,Rainier
buick,Estate
buick,Centurion
buick,Century
buick,Invicta
buick,Wildcat
buick,Enclave
buick,XP2000
buick,Centieme
buick,Signia
buick,70
cadillac,DTS
cadillac,Calais
cadillac,SRX
cadillac,Eldorado
cadillac,CTS
cadillac,DeVille
cadillac,Brougham
cadillac,Seville
cadillac,Sixty
cadillac,STS
cadillac,Allante
cadillac,Escalade
cadillac,XLR
cadillac,62
cadillac,Biarritz
cadillac,Catera
cadillac,Imaj
cadillac,BLS
cadillac,Fleetwood
cadillac,Aurora
cadillac,Vizon
cadillac,Le Mans
cadillac,6239D
cadillac,61
cadillac,Cimarron
cadillac,STS-V
cadillac,V Sixteen
cadillac,Solitaire
cadillac,CTS-V
cadillac,Park Avenue
cadillac,60
cadillac,LMP
caterham,C21
caterham,7
caterham,Super 7
caterham,Seven
caterham,Superlight R
caterham,1700
caterham,21
caterham,Beaulieu
checker,Town
checker,Aerobus
chevrolet,Uplander
chevrolet,Suburban
chevrolet,Rezzo
chevrolet,Cobalt
chevrolet,Malibu
chevrolet,HHR
chevrolet,Blazer
chevrolet,APV
chevrolet,Monte Carlo
chevrolet,Corvette
chevrolet,Express
chevrolet,Corsica
chevrolet,Tahoe
chevrolet,Silverado
chevrolet,Cavalier
chevrolet,Aveo
chevrolet,Kalos
chevrolet,Trans Sport
chevrolet,Citation
chevrolet,Lumina
chevrolet,Caprice
chevrolet,Beretta
chevrolet,Grand Blazer
chevrolet,Avalanche
chevrolet,Captiva
chevrolet,Equinox
chevrolet,Tracker
chevrolet,Camaro
chevrolet,Optra
chevrolet,Lacetti
chevrolet,Colorado
chevrolet,Impala
chevrolet,Trailblazer
chevrolet,Traverse
chevrolet,Matiz
chevrolet,Monza
chevrolet,Spark
chevrolet,Prizm
chevrolet,Nova
chevrolet,C-10
chevrolet,Sprint
chevrolet,Venture
chevrolet,Journey
chevrolet,Chevelle
chevrolet,Astro
chevrolet,Nomad
chevrolet,Vega
chevrolet,Corvair
chevrolet,Celebrity
chevrolet,Nubira
chevrolet,Bel Air
chevrolet,2103
chevrolet,XP 882
chevrolet,Adventure
chevrolet,SSR
chevrolet,El Camino
chevrolet,Sabia
chevrolet,S-10
chevrolet,DeLuxe
chevrolet,Vivant
chevrolet,Epica
chevrolet,Biscayne
chevrolet,Relsamo
chevrolet,Comodoro
chevrolet,Astrovette
chevrolet,Triax
chevrolet,Metro
chevrolet,Celta
chevrolet,Evanda
chevrolet,Cruze
chevrolet,Pickup
chevrolet,SS
chevrolet,XP 898
chevrolet,Citation II
chevrolet,Alero
chevrolet,Half-Ton
chevrolet,Cheyenne
chevrolet,Tandem 2000
chevrolet,XP 897 GT
chevrolet,K-20
chevrolet,Chevette
chevrolet,Aerovette
chevrolet,DeVille
chevrolet,Kodiak
chevrolet,Intimidator
chrysler,Voyager
chrysler,Sebring
chrysler,Chronos
chrysler,TC
chrysler,PT Cruiser
chrysler,Neon
chrysler,Crossfire
chrysler,300
chrysler,Newport
chrysler,CCV
chrysler,Centura
chrysler,Sedan
chrysler,Laser
chrysler,Valiant
chrysler,Daytona
chrysler,Charger
chrysler,160
chrysler,Grand Voyager
chrysler,Le Baron
chrysler,New Yorker
chrysler,Pacifica
chrysler,Thunderbolt
chrysler,Town & Country
chrysler,Conquest
chrysler,Cordoba
chrysler,Cirrus
chrysler,Concorde
chrysler,Viper
chrysler,Imperial
chrysler,ES
chrysler,1609
chrysler,Atlantic
chrysler,PT Dream Cruiser
chrysler,Aspen
chrysler,Windsor
chrysler,Limousine
chrysler,Dart
chrysler,Avenger
chrysler,LHS
chrysler,Millenium
chrysler,Java
chrysler,Dodge Phoenix
chrysler,Dodge 3700
chrysler,Panel Cruiser
chrysler,E
chrysler,Expresso
chrysler,Executive
chrysler,GS
chrysler,Airflite
chrysler,C
chrysler,Phaeton
chrysler,Aviat
chrysler,1610
chrysler,ESX 3
chrysler,Howler
citroen,C4
citroen,AX
citroen,C 15
citroen,XM
citroen,Mehari
citroen,C8
citroen,C5
citroen,C2
citroen,Xsara
citroen,Berlingo
citroen,Traction
citroen,C3
citroen,Xantia
citroen,GS
citroen,Picasso
citroen,C
citroen,2CV
citroen,CX
citroen,Visa
citroen,DS
citroen,Ami
citroen,7A
citroen,GSA
citroen,BX
citroen,LN
citroen,15
citroen,SM
citroen,Osee
citroen,11
citroen,Ak 350
citroen,C-Crosser
citroen,Saxo
citroen,Dyane
citroen,C1
citroen,C6
citroen,Rally Raid
citroen,ZX
citroen,Eco 2000
citroen,ID 19
citroen,LNA
citroen,7
citroen,Axel
citroen,Pluriel
citroen,Karin
citroen,Dyane 6
citroen,1.6
citroen,Bijou
citroen,Eole
citroen,Mini-Zup
citroen,Activa
citroen,Multispace
citroen,Dyane 4
citroen,Xanae
citroen,C-Airdream
citroen,Aventure
dacia,Logan
dacia,Supernova
dacia,Sandero
daewoo,No 1
daewoo,Nubira
daewoo,Rezzo
daewoo,Kalos
daewoo,Maepsy-Na
daewoo,Magnus
daewoo,Prince
daewoo,Arcadia
daewoo,Lanos
daewoo,Chairman
daewoo,Lacetti
daewoo,Brougham
daewoo,Matiz
daewoo,Leganza
daewoo,Evanda
daewoo,Nexia
daewoo,Tacuma
daewoo,Korando
daewoo,Joyster
daewoo,Espero
daewoo,Musson
daewoo,Vada
daewoo,Rexton
daewoo,Musiro
daf,44
daf,66
daf,Daffodil
daf,46
daf,750
daf,600
daihatsu,Charmant
daihatsu,Consorte
daihatsu,Sirion
daihatsu,Terios II
daihatsu,Mira
daihatsu,YRV
daihatsu,Charade
daihatsu,Rocky
daihatsu,Cuore
daihatsu,Delta
daihatsu,Move
daihatsu,Taft
daihatsu,Applause
daihatsu,Terios
daihatsu,Bee
daihatsu,Copen
daihatsu,Materia
daihatsu,Trevis
daihatsu,Compagno
daihatsu,Domino
daihatsu,Naked
daihatsu,Altis
daihatsu,Feroza
daihatsu,Freeclimber
daihatsu,Opti
daihatsu,Fourtrak TDX
daihatsu,U4 B
daihatsu,Leeza
daihatsu,Fellow
daihatsu,SP-4
daihatsu,Gran Move
daihatsu,Micros 3l
daihatsu,Muse
daihatsu,Atrai
daimler,DK
daimler,Super Eight
daimler,Conquest
daimler,4.2
daimler,One-O-Four
daimler,DE 27
daimler,DE 36
datsun,280
datsun,Violet
datsun,260Z
datsun,1000
datsun,1600
datsun,Laurel
datsun,1200
datsun,100A Cherry
datsun,1800
de-tomaso,Vallelunga
de-tomaso,Longchamp
de-tomaso,Bigua
de-tomaso,Mangusta
de-tomaso,Deauville
de-tomaso,Guara
de-tomaso,Pantera
dkw,Munga
dkw,Junior
dkw,Universal
dkw,F 93
dkw,F 89
dkw,F 102
dkw,F 91
dkw,F 11
dkw,Reichklasse F8
dkw,600
dkw,3-6 Monza
dkw,Coupe
dodge,Durango
dodge,Challenger
dodge,Colt
dodge,WC 51
dodge,Ram
dodge,Magnum
dodge,Dakota
dodge,Caravan
dodge,Sprinter
dodge,Charger
dodge,Viper
dodge,Grand Caravan
dodge,Avenger
dodge,Dart
dodge,Nitro
dodge,Stealth
dodge,Caliber
dodge,Neon
dodge,Mirada
dodge,Intrepid
dodge,Monaco
dodge,Daytona
dodge,Omni
dodge,Dynasty
dodge,Stratus
dodge,Lancer
dodge,Spirit
dodge,Coronet
dodge,Aspen
dodge,Journey
dodge,Shadow
dodge,600
dodge,Conquest
dodge,Custom
dodge,Prowler
dodge,Sidewinder
dodge,Copperhead
dodge,Hemi Super 8
dodge,Venom
dodge,Polara
dodge,Power Box
dodge,Charger RT Concept
dodge,M80
dodge,Maxx Cab
dodge,Razor
dodge,T-Rex 6x6
dodge,Kahuna
donkervoort,D8
donkervoort,S8
donkervoort,S7
eagle,Vision
eagle,Summit
eagle,Talon
fairthorpe,Atom
fairthorpe,Electron
fairthorpe,Electrina
fairthorpe,Atomata
fairthorpe,TX-S
fairthorpe,Zeta
fairthorpe,Rockette
fairthorpe,TX-GT
ferrari,456M
ferrari,735
ferrari,360
ferrari,400
ferrari,F55
ferrari,GTO
ferrari,308
ferrari,Testarossa
ferrari,550
ferrari,342 America
ferrari,365 GTB
ferrari,250 GT
ferrari,Maranello
ferrari,612
ferrari,F430
ferrari,F1 2000
ferrari,375 Mille Miglia
ferrari,250 GTO
ferrari,195
ferrari,375 Indy
ferrari,F1 156
ferrari,Mondial
ferrari,500 F2
ferrari,312
ferrari,208
ferrari,F355
ferrari,P2
ferrari,328 GTS
ferrari,Dino
ferrari,255 S
ferrari,212
ferrari,512 TR
ferrari,412 GT
ferrari,553 F2
ferrari,166
ferrari,375 America
ferrari,500 Mondial
ferrari,196
ferrari,500 Superfast
ferrari,512 BB
ferrari,340 Mexico
ferrari,412 T2
ferrari,512 M
ferrari,330
ferrari,Enzo
ferrari,365 GT4
ferrari,553 F1
ferrari,456
ferrari,340 America
ferrari,125S
ferrari,225
ferrari,340 Spider
ferrari,156
ferrari,801 F1
ferrari,500 Testarossa
ferrari,F40
ferrari,348
ferrari,355 Spider
ferrari,159S
ferrari,599
ferrari,410 Superamerica
ferrari,355 TS
ferrari,250 Mille Miglia
ferrari,3Z
ferrari,250 Testarossa
ferrari,365 BB
ferrari,365 GTC
ferrari,348 TS Targa
ferrari,256 F1
ferrari,F512 M
ferrari,512 S
ferrari,575M Maranello
ferrari,365 GT
ferrari,328 GTB
ferrari,F399
ferrari,625 F1
ferrari,F1 89
ferrari,C62
ferrari,850
ferrari,F1 88
ferrari,F1 93
ferrari,F 2005
ferrari,F333
ferrari,275
ferrari,F50
ferrari,400 Superamerica
ferrari,250 GTE
ferrari,126
ferrari,125 F1
ferrari,412 MI
ferrari,Mythos
ferrari,158
ferrari,F310
ferrari,250
ferrari,575 Superamerica
ferrari,246
ferrari,125
ferrari,Pinin
ferrari,306
ferrari,250 LM
ferrari,288 GTO
ferrari,F1 90
ferrari,365 GTS
ferrari,599 GTB Fiorano
ferrari,Superamerica
ferrari,P5
ferrari,340 F1
ferrari,340 MM
ferrari,365 California
ferrari,512 F1
ferrari,F1 86
ferrari,365 GTC 4
ferrari,512 BBi
ferrari,750
ferrari,206
ferrari,Rossa
ferrari,KS 360 Modena
ferrari,F550
ferrari,D 50
ferrari,512 BBi Turbo
ferrari,330GT
fiat,Doblo
fiat,Brava
fiat,Panda
fiat,Strada
fiat,131
fiat,1100
fiat,Grand Break
fiat,Campagnola
fiat,Ulysse
fiat,Siena
fiat,127
fiat,Punto
fiat,Multipla
fiat,Croma
fiat,850
fiat,Vivace
fiat,500
fiat,1300
fiat,Stilo
fiat,Palio
fiat,Ducato
fiat,Bravo
fiat,Tempra
fiat,1400
fiat,Idea
fiat,Argenta
fiat,Regata
fiat,Fiorino
fiat,Cabriolet
fiat,Coupe
fiat,1800
fiat,128
fiat,126
fiat,Seicento
fiat,Marea
fiat,Uno
fiat,130
fiat,Grande Punto
fiat,Palio II
fiat,Ritmo
fiat,Duna
fiat,1500
fiat,1200
fiat,Linea
fiat,Berline
fiat,132
fiat,2300
fiat,124
fiat,Dino
fiat,Barchetta
fiat,125
fiat,ESV
fiat,Sedici
fiat,133
fiat,Marea Weekend
fiat,Scudo
fiat,600
fiat,Cinquecento
fiat,X1-9
fiat,Mirafiori
fiat,Tipo
fiat,750
fiat,Ecobasis
fiat,1600
fiat,Albea
fiat,V8
fiat,8V
fiat,1900
fiat,Abarth
fiat,Ecobasic
fiat,2100
fiat,OT
fiat,Armadillo
fiat,Legram
ford,Fiesta
ford,Probe
ford,Mustang
ford,Capri
ford,Crown Victoria
ford,Escort
ford,Think Neighbor
ford,Think
ford,Expedition
ford,Ka
ford,Ranger
ford,Fusion
ford,Focus
ford,Consul
ford,Mondeo
ford,F-150
ford,Galaxy
ford,Urban Explorer
ford,Taurus
ford,Edge
ford,Scorpio
ford,Popular
ford,Cortina
ford,C-MAX
ford,Zephyr
ford,Excursion
ford,Maverick
ford,F-350
ford,Granada
ford,Tempo
ford,Sierra
ford,Freestyle
ford,Fairlane
ford,17
ford,Taunus
ford,Contour
ford,F-250
ford,Laser
ford,E-150
ford,Prefect
ford,Territory
ford,Explorer
ford,Galaxie
ford,Thunderbird
ford,Econoline
ford,Corsair
ford,Vedette
ford,Escape
ford,Aerostar
ford,Shelby GT 500
ford,Zodiac
ford,GT
ford,Econovan
ford,Bronco
ford,12 M
ford,Meteor
ford,Five Hundred
ford,Falcon
ford,Torino
ford,GT 40
ford,RS 200
ford,Anglia
ford,Orion
ford,Windstar
ford,LTD
ford,Puma
ford,FPV BF GT
ford,Courier
ford,Flex
ford,Monarch
ford,Ikon
ford,E-250
ford,E-350
ford,Bantam
ford,Festiva
ford,Transit Connect
ford,S-Max
ford,Taurus X
ford,Aspire
ford,Freestar
ford,Skyliner
ford,Artic
ford,Versailles
ford,Bronco II
ford,Libre
ford,Crestline
ford,Husky
ford,Royale
ford,24.7
ford,Synergy 2010
ford,Telstar
ford,Gran Torino
ford,TL-50
ford,F
ford,Limited
ford,Lynx
ford,C 100
ford,Desert Excursion
ford,F-650
ford,XR 8 Xplod
ford,Cougar
ford,Megastar II
ford,Equator
ford,Ranchero
ford,Custom
ford,Shelby GR-1 Concept
ford,Saetta
ford,Coin
ford,O21 C
ford,Indigo
ford,Tracer
ford,427
ford,TS-50
ford,17M
ford,Pilot
ford,2000
ford,49
ford,F-450
ford,GT 500
ford,GT 70
ford,TE-50
ford,e-Ka
ford,Station Wagon
ford,021 C
ford,EX
ford,Extreme EX
ford,ST 460
ford,Tonka
ford,Triton
ford,Lotus Cortina
ford,Kuga
ford,Model U
gaz,M-20
gaz,3110
gaz,3111
gaz,24
gaz,24-10
gaz,M20
gaz,Volga
gaz,Oct-73
gaz,22
gaz,M1
gaz,61
geely,CK
ginetta,G11
ginetta,G10
ginetta,G33
ginetta,G40
ginetta,G32
ginetta,G3
ginetta,G34
ginetta,G15
ginetta,G4
ginetta,G27
ginetta,G21
ginetta,G
ginetta,G20
ginetta,G12
gmc,Suburban
gmc,Canyon
gmc,Yukon
gmc,Savana
gmc,Sierra
gmc,Envoy
gmc,Jimmy
gmc,Safari
gmc,Sonoma
gmc,Acadia
gmc,Terracross
gmc,Firebird
gmc,Autonomy
gmc,Typhoon
gmc,EV1
gmc,Terradyne
gmc,Terra 4
holden,Vectra
holden,Apollo
holden,Torana
holden,EH
holden,Gemini
holden,Statesman
holden,Monaro
holden,Commodore
holden,GTS
holden,Barina
holden,UTE
holden,Belmont
holden,Berlina
holden,Camira
holden,Nova
holden,Frontera
holden,Zafira
holden,Kingswood
holden,Jackaroo
holden,HSV
holden,EJ
holden,FC
holden,Calais
holden,Caprice
holden,HB
holden,Brougham
holden,Astra
holden,Clubsport
holden,FX
holden,FB Special
holden,Combo
holden,FJ
holden,Senator
holden,EK
holden,HR
holden,FE
holden,XU 6
holden,HRT
holden,Rodeo
holden,GTS-R
holden,Cruze
holden,Sunbird
holden,HD
holden,Maloo
holden,Drover
honda,Accord
honda,Shuttle
honda,Z
honda,CR-V
honda,Civic
honda,Prelude
honda,Legend
honda,1300
honda,Life
honda,Element
honda,S-MX
honda,Stream
honda,Pilot
honda,Jazz
honda,NSX
honda,Capa
honda,Ridgeline
honda,Logo
honda,Ballade
honda,Quintet
honda,FR-V
honda,That
honda,Model X
honda,Odyssey
honda,Civic Del Sol
honda,HR-V
honda,Fit
honda,S2000
honda,Insight
honda,Avancier
honda,Integra
honda,Vamos
honda,Saber
honda,Mobilio
honda,Today
honda,S500
honda,CRX
honda,F1
honda,Step Wagon
honda,Concerto
honda,Argento Viva
honda,Torneo
honda,N III
honda,Inspire
honda,145
honda,Acty
honda,J-VX
honda,S800
honda,SSM
honda,EV
honda,Lagreat
honda,HP-X
honda,City
honda,S600
honda,Passport
honda,Fuya Jo
honda,FCX
hudson,Super Jet
hudson,Metropolitan
hudson,Hornet
hudson,Commodore
hudson,Italia Coupe
hudson,Super Wasp
humber,Sceptre
humber,Super Snipe
humber,Pullman
humber,Hawk
hummer,H2
hummer,H3
hummer,H1
hyundai,Stellar
hyundai,Scoupe
hyundai,Santa Fe
hyundai,Accent
hyundai,Tipper
hyundai,Coupe
hyundai,Tucson
hyundai,Matrix
hyundai,Sonata
hyundai,Equus
hyundai,Terracan
hyundai,Getz
hyundai,Lantra
hyundai,Dynasty
hyundai,Elantra
hyundai,Tiburon
hyundai,Pony
hyundai,Azera
hyundai,XG 350
hyundai,Neos
hyundai,Atos
hyundai,Veracruz
hyundai,Genesis
hyundai,XG 300
hyundai,Trajet
hyundai,Grandeur
hyundai,Marcia
hyundai,Euro 1
hyundai,Portico
hyundai,Satellite
hyundai,H100
hyundai,Clix
hyundai,Excel
hyundai,Galloper
hyundai,H1
hyundai,HED-6
hyundai,Genesis Coupe
hyundai,HCD-7
hyundai,XG
hyundai,i10
hyundai,i30
hyundai,Panel Van
hyundai,Entourage
hyundai,HCD-III
infiniti,G35
infiniti,Q45
infiniti,FX
infiniti,I
infiniti,QX56
infiniti,QX4
infiniti,M
infiniti,G20
infiniti,I35
infiniti,EX
infiniti,G37
infiniti,J30
infiniti,I30
innocenti,Mini
innocenti,IM 3
innocenti,J4
innocenti,990
innocenti,Koral
innocenti,Mille
innocenti,950
innocenti,Elba
innocenti,A 40
innocenti,C
innocenti,Turbo De Tomaso
innocenti,A40S
isuzu,I-350
isuzu,Bellel
isuzu,Trooper
isuzu,Florian
isuzu,117
isuzu,VehiCross
isuzu,Bellett
isuzu,Minx
isuzu,VX-02
isuzu,Piazza
isuzu,3.1
isuzu,Gemini
isuzu,Wizard
isuzu,ZXS
isuzu,Rodeo
isuzu,I-280
isuzu,Hombre
isuzu,Axiom
isuzu,KB
isuzu,Ascender
isuzu,Frontera
isuzu,I-290
isuzu,D-MAX
isuzu,4200
isuzu,Impulse
isuzu,Kai
isuzu,Stylus
isuzu,Amigo
isuzu,New Bellel
isuzu,VX4
italdesign,M12
italdesign,Volta
italdesign,Buron
italdesign,Nazca
italdesign,Tapiro
italdesign,Machimoto
italdesign,Legram
italdesign,Columbus
italdesign,Twenty Twenty
italdesign,Visconti
italdesign,Medusa
italdesign,Formula 4
italdesign,Aspid
jaguar,XK8
jaguar,XJ8
jaguar,S-Type
jaguar,XJS
jaguar,XK
jaguar,XJ
jaguar,E Type
jaguar,XJR
jaguar,X-Type
jaguar,MK X
jaguar,XKR
jaguar,MK VIII
jaguar,Mark IV
jaguar,220
jaguar,MK II
jaguar,E-Type
jaguar,XF
jaguar,SS
jaguar,XJ6
jaguar,MK IX
jaguar,XKA
jaguar,Kensington
jaguar,R Coupe
jaguar,Type S
jaguar,F-Type
jaguar,XJ220
jaguar,XJR-11
jaguar,MK IV
jaguar,X400
jaguar,240
jaguar,MK V
jaguar,C-Type
jaguar,MK 10
jaguar,3.8
jaguar,Concept Eight
jaguar,R-D6
jaguar,XJR-15
jaguar,Vanden Plas
jaguar,MK VII
jaguar,420G
jaguar,Type-C
jaguar,X-300
jaguar,Sovereign
jaguar,XJ-13
jaguar,Type E
jeep,Grand Cherokee
jeep,Wrangler
jeep,CJ5
jeep,Patriot
jeep,Commander
jeep,Cherokee
jeep,Jeepster
jeep,Grand Wagoneer
jeep,Compass
jeep,Liberty
jeep,CJ2A
jeep,Station Wagon
jeep,CJ
jeep,CJ3A
jeep,Varsity
jeep,Willys 2
jeep,CJ7
jeep,MB
jeep,Dakar
jeep,Willys
jeep,Icon
jeep,CJ2
jensen,541
jensen,CV-8
jensen,Interceptor
jensen,Straight 8
jensen,SV-8
jensen,Healey
jensen,FF
jensen,Jensen-Healey
jensen,4-Litre
jensen,SP
kia,Opirus
kia,Spectra
kia,Amanti
kia,Avella
kia,Sorento
kia,Pregio
kia,Pride Wagon
kia,Carnival
kia,Sportage
kia,Rondo
kia,KCV-4
kia,Picanto
kia,Capital
kia,Sedona
kia,Magentis
kia,Cee'd
kia,Shuma II
kia,Cerato
kia,Rio
kia,Sephia
kia,Borrego
kia,Sephia II
kia,Pro-ceed
kia,Retona
kia,Potentia
kia,Brisa
kia,Carens
kia,Visto
kia,Clarus
kia,Shuma
kia,Optima
kia,Towner
kia,K2700
kia,Elan
kia,Spectra5
kia,Xedos
kia,Joice
lada,1200
lada,Niva
lada,Samara
lada,2104
lada,Samara II
lada,110
lada,21
lada,2105
lada,111
lada,1300
lada,S
lada,Vaz
lada,119
lada,Calina 1118
lada,Riva
lada,2107
lada,Natacha
lada,Kalina
lada,2110
lada,117
lada,Oka
lada,2123
lada,Tarzan
lada,112
lada,Roadster
lada,2111
lada,1600
lamborghini,Countach
lamborghini,Portofino
lamborghini,Jarama
lamborghini,LM
lamborghini,Urraco
lamborghini,P140
lamborghini,Diablo
lamborghini,LM002
lamborghini,Gallardo
lamborghini,Miura
lamborghini,Jalpa
lamborghini,400
lamborghini,Islero
lamborghini,Murcielago
lamborghini,Project P140
lamborghini,Bravo
lamborghini,Espada
lamborghini,Cala
lamborghini,350 GT
lamborghini,Marco Polo
lamborghini,Concept S
lamborghini,Flying Star
lamborghini,Marzal
lancia,Gamma
lancia,Dedra
lancia,Thesis
lancia,Lybra
lancia,Aurelia
lancia,Ypsilon
lancia,Musa
lancia,Beta
lancia,Fulvia
lancia,Thema
lancia,Kappa
lancia,Delta
lancia,Appia
lancia,Trevi
lancia,Flaminia
lancia,Phedra
lancia,Zeta
lancia,Aprilia
lancia,Flavia
lancia,Prisma
lancia,K
lancia,Stratos
lancia,2000
lancia,Dialogos
lancia,Scorpion
lancia,037 Rallye
lancia,A 112
lancia,Y10
lancia,ECV
lancia,Ardea 3
lancia,Ionos
lancia,Hit
lancia,Hyena
lancia,Megagamma
lancia,Nea
lancia,D 50
land-rover,Range Rover
land-rover,Discovery
land-rover,Freelander
land-rover,Serie III
land-rover,Range Rover Sport
land-rover,Discovery 3
land-rover,LR2
land-rover,LR3
land-rover,A 109
land-rover,Serie II
land-rover,Defender
land-rover,88
land-rover,109
land-rover,Serie I
land-rover,I
lexus,RX
lexus,GS
lexus,IS
lexus,LX
lexus,ES
lexus,SC
lexus,GX
lexus,LS
lexus,FLV
lexus,Minority Report
lexus,LF-C
lexus,Daytona
lincoln,Mark VII
lincoln,Town Car
lincoln,Blackwood
lincoln,LS
lincoln,Navigator
lincoln,Continental
lincoln,Mark 7
lincoln,Aviator
lincoln,MKX
lincoln,Zephyr
lincoln,Mark LT
lincoln,Mark VI
lincoln,Mark VIII
lincoln,Premiere
lincoln,MKZ
lincoln,Capri
lincoln,MKS
lincoln,Sentinel
lincoln,Mark X
lincoln,MK 9
lotec,C 1000
lotec,Testa de Oro
lotec,Sirius
lotus,Esprit
lotus,Seven
lotus,Elan
lotus,Elite
lotus,Exige
lotus,72
lotus,Elise
lotus,Eclat
lotus,Evora
lotus,25
lotus,Europa
lotus,M250
lotus,33
lotus,79
lotus,Excel
lotus,49
lotus,Extreme
lotus,11
lotus,16
lotus,Carlton
lotus,Emme
lotus,340 R
lotus,GT 1
lotus,XI Le Mans
lotus,Etna
mahindra,Scorpio
mahindra,Armada
mahindra,Bolero
mahindra,Commander
mahindra,CL
marcos,TSO
marcos,Ugly Duckling
marcos,Mantara
marcos,Mantula
marcos,Mini Marcos
marcos,2 Litres
marcos,Mantis
marcos,GTS
marcos,1500
marcos,1800
marcos,1600
marcos,GT
marcos,Le Mans 500
marcos,TS
marcos,TS500
maserati,Merak
maserati,Royale
maserati,Bi Turbo
maserati,Khamsin
maserati,Quattroporte
maserati,A6G
maserati,Spyder
maserati,Coupe
maserati,Kubang
maserati,Kyalami
maserati,Tipo 64
maserati,Ghibli
maserati,350S
maserati,420
maserati,Indy
maserati,450
maserati,151
maserati,Shamal
maserati,300
maserati,4CLT
maserati,5000 GT
maserati,GranSport
maserati,Mexico
maserati,228
maserati,GT
maserati,3500
maserati,8
maserati,Auge
maserati,250
maserati,Mistral
maserati,4
maserati,MC12
maserati,A6GCS
maserati,Bora
maserati,4CL
maserati,6C
maserati,Tipo 60
maserati,A6GCM
maserati,Spider 3500
maserati,150S
maserati,Tipo 65
maserati,A6
maserati,3200 GT
maserati,Tipo 61
maserati,8CL
maserati,Gran Turismo 3500
maserati,Simun
maserati,124
maserati,Boomerang
maserati,420M
maserati,Barchetta Straale
maserati,430
maserati,8CLT
maserati,V8 GranSport
maserati,GT 3500
maserati,GranTurismo
matra-simca,Murena
matra-simca,Rancho
matra-simca,Bagheera
matra-simca,M630
matra-simca,D Jet
matra-simca,M530
matra-simca,M72
matra-simca,M650
matra-simca,M670
matra-simca,M660
matra-simca,M25
maybach,57
maybach,62
maybach,SW
mazda,Carol
mazda,3
mazda,121
mazda,MPV
mazda,CX-9
mazda,6
mazda,323
mazda,MX-5 Miata
mazda,Familia
mazda,B3000
mazda,B2300
mazda,Spiano
mazda,RX-01
mazda,Cosmo
mazda,626
mazda,2
mazda,MS-9
mazda,Demio
mazda,RX-8
mazda,RX-2
mazda,1000
mazda,MX-Flexa
mazda,929
mazda,Tribute
mazda,Xedos 9
mazda,RX 4 Coupe
mazda,Drifter
mazda,5
mazda,B4000
mazda,Lantis
mazda,Premacy
mazda,Montrose
mazda,CX-7
mazda,RX-3
mazda,MX-3
mazda,Etude
mazda,RX-7
mazda,R 360
mazda,110 S
mazda,616
mazda,MazdaSpeed3
mazda,MS-6
mazda,B2500
mazda,Levante
mazda,BT-50
mazda,818
mazda,RX-4
mazda,AZ
mazda,Midge
mazda,MS-8
mazda,Eunos
mazda,Millenia
mazda,Luce
mazda,Chante
mazda,R-100
mazda,MazdaSpeed6
mazda,Washu
mazda,Persona
mazda,MX
mazda,DrifterX
mazda,Sport Wagon
mazda,MX-6
mazda,Laputa
mazda,Sentia
mazda,Activehicle
mazda,RX-Evolv
mazda,Rustler
mazda,Roadster
mazda,AZ-1
mazda,Brown Collection Verisa
mazda,Protege
mazda,Atenza
mazda,Marathon
mazda,CU-X
mazda,787
mazda,SW-X
mazda,Kusabi
mazda,RX Evolv
mcc,Crossblade
mcc,ForTwo
mcc,ForFour
mcc,Smart
mcc,Smart & Pulse City Coupe
mcc,Silverpulse
mclaren,F1 GTR
mclaren,M21
mclaren,MP4
mclaren,M23
mclaren,F1
mclaren,M1C
mclaren,M8E
mclaren,M19
mclaren,M14
mclaren,F1 LM
mclaren,M10
mercedes-benz,W 136
mercedes-benz,A
mercedes-benz,300D
mercedes-benz,E
mercedes-benz,CLK
mercedes-benz,200
mercedes-benz,S
mercedes-benz,C
mercedes-benz,250
mercedes-benz,G
mercedes-benz,500
mercedes-benz,CLS
mercedes-benz,SL
mercedes-benz,ML
mercedes-benz,Vision
mercedes-benz,SLK
mercedes-benz,300
mercedes-benz,R
mercedes-benz,SLR McLaren
mercedes-benz,220
mercedes-benz,CLK GTR
mercedes-benz,GL
mercedes-benz,B
mercedes-benz,260
mercedes-benz,CL
mercedes-benz,Viano
mercedes-benz,W 111
mercedes-benz,380
mercedes-benz,Sprinter
mercedes-benz,190
mercedes-benz,Vaneo
mercedes-benz,CK
mercedes-benz,240
mercedes-benz,219
mercedes-benz,W 123 Coupe
mercedes-benz,SE
mercedes-benz,600
mercedes-benz,C 111
mercedes-benz,320
mercedes-benz,T
mercedes-benz,V
mercedes-benz,280
mercedes-benz,MCC
mercedes-benz,Swatch
mercedes-benz,230
mercedes-benz,E500
mercedes-benz,560
mercedes-benz,170S
mercedes-benz,350
mercedes-benz,Bionic Car Concept
mercedes-benz,Vito
mercedes-benz,420
mercedes-benz,230.4
mercedes-benz,SC
mercedes-benz,450
mercedes-benz,180
mercedes-benz,Ponton
mercedes-benz,C 112
mercedes-benz,CLC
mercedes-benz,770
mercedes-benz,GLK
mercedes-benz,300S
mercedes-benz,Version Longue
mercedes-benz,W 110
mercedes-benz,T V-12
mercedes-benz,400
mercedes-benz,Studie
mercedes-benz,C30
mercedes-benz,170 V
mercedes-benz,W 196
mercedes-benz,300B
mercedes-benz,CW
mercedes-benz,CLK LM
mercedes-benz,F300 Life Jet
mercedes-benz,F200
mercedes-benz,E420
mercedes-benz,Smart
mercury,Montego
mercury,Cougar
mercury,Mountaineer
mercury,Grand Marquis
mercury,Sable
mercury,Mariner
mercury,Milan
mercury,Tracer
mercury,Comet
mercury,Monterey
mercury,Mystique
mercury,LN7
mercury,Cyclone
mercury,Marauder
mercury,Capri
mercury,MC4
mercury,Antser
mercury,Villager
mercury,Montclair
mercury,El Gato
mercury,Lynx
mercury,Park Lane
mercury,Roadster
mercury,Brougham
mg,MGB
mg,XPower
mg,ZT-T
mg,ZR
mg,Midget
mg,TF
mg,ZT
mg,ZS
mg,RV8
mg,MGC
mg,MGA
mg,EX-E
mg,TD
mg,Magnett
mg,1100
mg,YB
mg,X10
mg,Rover
mg,X20
mg,X80
mini,One
mini,Cooper
mini,MK IV
mini,Clubman
mini,MK V
mini,MK VI
mini,MK III
mini,Countryman
mini,MK I
mini,MK VII
mini,MK II
mini,Cooper Clubman
mitsubishi,Galant
mitsubishi,Debonair
mitsubishi,Space Wagon
mitsubishi,Pajero
mitsubishi,Jeep
mitsubishi,Magna
mitsubishi,Eclipse
mitsubishi,Celeste
mitsubishi,Verada
mitsubishi,Lancer
mitsubishi,Space Runner
mitsubishi,Outlander
mitsubishi,Diamante
mitsubishi,3000GT
mitsubishi,SST
mitsubishi,L 200
mitsubishi,Colt
mitsubishi,Minica
mitsubishi,Proudia
mitsubishi,Dion
mitsubishi,A10
mitsubishi,Montero
mitsubishi,Starion
mitsubishi,eK
mitsubishi,Endeavor
mitsubishi,Grandis
mitsubishi,Carisma
mitsubishi,Valley
mitsubishi,Space Star
mitsubishi,Sapporo
mitsubishi,Sigma
mitsubishi,Gaus
mitsubishi,SUW
mitsubishi,Nessie
mitsubishi,Raider
mitsubishi,Delica Space Gear
mitsubishi,Space Liner
mitsubishi,Dingo
mitsubishi,500
mitsubishi,Challenger
mitsubishi,SSS
mitsubishi,Mum 500
mitsubishi,Field Guard
mitsubishi,ASX
mitsubishi,FTO
mitsubishi,RPM 7000
mitsubishi,GTO
mitsubishi,SUP
mitsubishi,HSR-V
mitsubishi,Shogun Pinin
mitsubishi,SSU
monteverdi,Sahara
monteverdi,Sierra
monteverdi,Hai 450
monteverdi,Safari
monteverdi,2000
monteverdi,Berlinetta
monteverdi,375
monteverdi,High Speed 375
monteverdi,400
monteverdi,Tiara
monteverdi,Hai 375
monteverdi,Military 250 Z Zivil
monteverdi,Hai 650
moretti,750S Berlina
moretti,1200
moretti,Panoramica
moretti,750
moretti,1100
moretti,Coupe
moretti,2500
moretti,Spider Turismo
moretti,127
moretti,S Coupe
moretti,850
moretti,500
moretti,850S
moretti,SS
moretti,Golden
moretti,La Cita
morgan,4
morgan,Aero 8
morgan,Plus 4
morgan,Plus 4 Plus
morgan,Roadster
morgan,44
morgan,Aero
morgan,F Super
morgan,Plus 8
morgan,4 Seater
morgan,Aeromax
morgan,4 Plus 2100
morris,Minor
morris,Traveller
morris,Marina
morris,Oxford
morris,Six
morris,Ten Four
morris,Cowley
morris,Isis
morris,1800
morris,1100
morris,Mini Moke
nissan,Murano
nissan,Laurel
nissan,Cherry
nissan,X-Trail
nissan,Armada
nissan,Sentra
nissan,Primera
nissan,Pathfinder
nissan,Qashqai
nissan,Maxima
nissan,XVL
nissan,Terrano II
nissan,Frontier
nissan,Bluebird
nissan,Skyline
nissan,Almera
nissan,Micra
nissan,Patrol
nissan,Hardbody
nissan,Altima
nissan,Versa
nissan,Stagea
nissan,Cedric
nissan,Stanza
nissan,Santana
nissan,240 C
nissan,President
nissan,Navara
nissan,Sunny
nissan,Xterra
nissan,Cima
nissan,Tiida
nissan,Sedan
nissan,Quest
nissan,Lafesta
nissan,Commercial
nissan,Terrano
nissan,Violet
nissan,Serena
nissan,260 ZX
nissan,Titan
nissan,Cefiro
nissan,350Z
nissan,Pickup
nissan,NP300
nissan,Silvia
nissan,Crew
nissan,R 390 GT1
nissan,110
nissan,Livina
nissan,Z
nissan,Pulsar
nissan,Rasheen
nissan,Presea
nissan,Note
nissan,300 ZX
nissan,Leopard
nissan,Pintara
nissan,Chappo
nissan,M
nissan,Gloria
nissan,200 SX Silvia
nissan,AZ-1
nissan,MM
nissan,Rogue
nissan,Prairie
nissan,400 R
nissan,Vanette
nissan,Mid4
nissan,R 391
nissan,GT-R
nissan,Cube
nissan,Avenir
nissan,1400
nissan,Fairlady
nissan,Sport
nissan,El Grand
nissan,Interstar
nissan,100 NX
nissan,211
nissan,Platina
nissan,270 R
nissan,E20
nissan,AA-X
nissan,Alpha
nissan,Grand Livina
nissan,370Z
nissan,Sports
nissan,Moco
nissan,Zaroot
nissan,AXY
nissan,Fusion
nissan,SUT
nissan,CQ-X
nissan,DS-2
nissan,Trailrunner
nissan,C 52
nissan,HyperMini
nissan,Ideo
noble,M12
noble,M14
noble,M10
nsu,Prinz
nsu,Ro 80
nsu,Wankel Spider
nsu,1000
nsu,Autonova
nsu,Prinz I
nsu,1200
nsu,1000 C
nsu,Sport
nsu,1000 LS
nsu,Prinz IV
oldsmobile,Eighty-Eight
oldsmobile,Achieva
oldsmobile,Omega
oldsmobile,Cutlass
oldsmobile,Toronado
oldsmobile,Intrigue
oldsmobile,Alero
oldsmobile,Silhouette
oldsmobile,442
oldsmobile,Aurora
oldsmobile,Ninety-Eight
oldsmobile,66
oldsmobile,Bravada
oldsmobile,Recon
oldsmobile,98
oldsmobile,Vista Cruiser
oldsmobile,Custom Cruiser
oldsmobile,Starfire
oldsmobile,Anthem
oldsmobile,Trofeo
oldsmobile,SS
oldsmobile,Delta 88
oldsmobile,Profile
oldsmobile,Jetfire
oldsmobile,O4
oldsmobile,88
oldsmobile,Aerotech
oldsmobile,Incas
oldsmobile,442 Indy Pace Car
oldsmobile,LSS
opel,Vivaro
opel,Vectra
opel,Astra
opel,Omega
opel,Agila
opel,Manta
opel,Commodore
opel,Zafira
opel,Meriva
opel,Kadett
opel,Corsa
opel,Tigra
opel,Monza
opel,Senator
opel,GT
opel,Signum
opel,Rekord
opel,Movano
opel,Kapitan
opel,Calibra
opel,Ascona
opel,Record
opel,Olympia
opel,Filo
opel,Combo
opel,Kraftfahrzeug
opel,Antara
opel,Admiral
opel,Frontera
opel,Speedster
opel,M
opel,Diplomat
opel,P 1200
opel,Monterey
opel,Trixx
opel,Concept M
opel,Vita
opel,Lotus Omega
opel,Frogster
packard,12
packard,Carribean
packard,Patrician
panoz,AIV
panoz,Esperante
panoz,Q9
peugeot,405
peugeot,307
peugeot,505
peugeot,205
peugeot,406
peugeot,305
peugeot,306
peugeot,206
peugeot,Partner
peugeot,605
peugeot,407
peugeot,404
peugeot,203
peugeot,504
peugeot,1007
peugeot,207
peugeot,Expert
peugeot,309
peugeot,RC
peugeot,Kart Up
peugeot,107
peugeot,607
peugeot,807
peugeot,202
peugeot,104
peugeot,403
peugeot,304
peugeot,106
peugeot,604
peugeot,Oxia
peugeot,204
peugeot,Promethee
peugeot,806
peugeot,Touareg
peugeot,504D
peugeot,Escapade
peugeot,907
peugeot,Vroomster
peugeot,308
peugeot,Sesame
peugeot,Proxima
peugeot,Nautilus
peugeot,Boxer
peugeot,Tulip
peugeot,Peugette
peugeot,H2O
peugeot,iOn
peugeot,Quasar
peugeot,Type 202
pininfarina,Birdcage
pininfarina,Coupe
pininfarina,Start
pininfarina,Argento
pininfarina,Hit
pininfarina,Rossa
pininfarina,Enjoy
pininfarina,Metrocubo
pininfarina,33
pininfarina,Eta
plymouth,Voyager
plymouth,Valiant
plymouth,Acclaim
plymouth,Horizon
plymouth,Road Runner
plymouth,Volare
plymouth,Cambridge
plymouth,Caravelle
plymouth,Gran Fury
plymouth,GTX
plymouth,Sundance
plymouth,Neon
plymouth,Fury
plymouth,Trail Duster
plymouth,Breeze
plymouth,Colt
plymouth,Laser
plymouth,Prowler
plymouth,Turismo
plymouth,Barracuda
plymouth,Reliant
plymouth,Belvedere
plymouth,Pronto Cruiser
plymouth,Pronto Spyder
plymouth,Superbird
plymouth,VIP
pontiac,Firebird
pontiac,G6
pontiac,Sunfire
pontiac,Vibe
pontiac,Bonneville
pontiac,GTO
pontiac,Phoenix
pontiac,1000
pontiac,Tempest
pontiac,Grand Prix
pontiac,Torrent
pontiac,Lemans
pontiac,6000
pontiac,Solstice
pontiac,Montana
pontiac,Grand Am
pontiac,Trans Sport
pontiac,Fiero
pontiac,Grand Safari
pontiac,G3
pontiac,Trans Am
pontiac,Stinger
pontiac,Sunbird
pontiac,G5
pontiac,Aztek
pontiac,Grande Parisienne
pontiac,Salsa
pontiac,Star Chief
pontiac,G8
pontiac,Rageous
pontiac,SV 6
pontiac,Ventura II
pontiac,Banshee
pontiac,GPX
pontiac,Catalina
pontiac,Piranha
pontiac,Firehawk
pontiac,Ventura
porsche,Boxster
porsche,911
porsche,906
porsche,RGT
porsche,Pan Americana
porsche,968
porsche,996
porsche,928
porsche,356
porsche,Cayenne
porsche,3400
porsche,993
porsche,912
porsche,550 A
porsche,930
porsche,904
porsche,GT2
porsche,944
porsche,Cayman
porsche,964
porsche,Carrera GT
porsche,914
porsche,908
porsche,924
porsche,965
porsche,804
porsche,962
porsche,907
porsche,910
porsche,Karisma
porsche,917
porsche,959
porsche,718
porsche,DP
porsche,936
porsche,Mega Cabriolet Biturbo
porsche,GT3
porsche,935
porsche,1300
porsche,Kremer 935 K3
porsche,Tapiro
proton,Saloon
proton,Impian
proton,Tiara
proton,400
proton,Perdana
proton,Persona
proton,300
proton,Savvy
proton,Juara
proton,Arena
proton,Gen-2
proton,Satria
proton,Gen
reliant,Sabre Six
reliant,Scimitar
reliant,Kitten
reliant,SE6
reliant,Rebel
reliant,Sabre 4
reliant,GTC
reliant,Bug
reliant,Regal
reliant,SE7
renault,Espace
renault,Clio
renault,Scenic
renault,Juva
renault,Megane
renault,Laguna
renault,18
renault,Fifties
renault,Scenic II
renault,Floride
renault,9
renault,21
renault,Kangoo
renault,10
renault,Grand Espace
renault,Vel Satis
renault,Rodeo
renault,30
renault,14
renault,Zoom
renault,Spider
renault,4
renault,Modus
renault,5
renault,19
renault,Super 5
renault,Safrane
renault,15
renault,Logan
renault,11
renault,Grand Scenic
renault,Fuego
renault,Colorale
renault,17
renault,Etoile
renault,25
renault,Twingo
renault,Dauphine
renault,RE
renault,20
renault,12
renault,Fregate
renault,8
renault,Express
renault,Siete
renault,Caravelle
renault,Avantime
renault,Trafic
renault,Megan
renault,Be Bop
renault,6
renault,Alpine
renault,RS 11
renault,Dauphine Gordini
renault,Wind
renault,Helem
renault,Argos
renault,Koleos
renault,Racoon
renault,Talisman
renault,TXE
renault,Zo
renault,Ludo
renault,Sport Spider
renault,Fluence
renault,R5
renault,Ellypse
renault,Zoe
renault,Espider
renault,P55
riley,One-Point-Five
riley,4
riley,Two Point Six
riley,Kestrel
riley,RM A
riley,MR II
riley,Pathfinder
riley,1.5
riley,2.6
riley,Apr-68
riley,Elf
rolls-royce,Silver Shadow
rolls-royce,Phantom Drophead Coupe
rolls-royce,Silver Cloud
rolls-royce,Corniche
rolls-royce,Silver Wraith
rolls-royce,Silver Seraph
rolls-royce,Silver Spur
rolls-royce,Phantom
rolls-royce,Silver Spirit
rolls-royce,Silver Dawn
rolls-royce,Park Ward
rolls-royce,Silver Spirit II
rolls-royce,Silver Cloud II
rolls-royce,Camargue
rolls-royce,100
rover,P4
rover,45
rover,75
rover,Metro
rover,25
rover,P5B
rover,Mini
rover,3.5
rover,P6
rover,2600
rover,P2
rover,200
rover,Streetwise
rover,400
rover,600
rover,220
rover,P5
rover,800
rover,3.5 Litre
rover,Vitesse
rover,100 1.4 D
rover,Land Rover Discovery
rover,216
rover,Range Rover
rover,620i
rover,2000
rover,414i
rover,420
rover,100
rover,3500
rover,214
rover,City
rover,825
rover,Montego
rover,820
rover,825i
rover,416i
rover,MGF
saab,3-Sep
saab,9-2x
saab,99
saab,5-Sep
saab,90
saab,9000
saab,Sonett
saab,Sonett III
saab,Sonett II
saab,900
saab,92
saab,93
saab,95
saab,9-7X
saab,9-X
saab,94
saab,92B
saab,900i
saab,750
saab,96
saab,MC
samsung,SM5
samsung,SM3
samsung,SM
saturn,Outlook
saturn,Vue
saturn,ION
saturn,Relay
saturn,SC
saturn,Sky
saturn,Aura
saturn,LW
saturn,L
saturn,SL
saturn,Astra
saturn,Sports Coupe
saturn,Sedan
saturn,LS
saturn,Curve
scion,T2B
scion,xA
scion,xB
scion,xD
scion,tC
seat,1400
seat,Alhambra
seat,Toledo
seat,Ibiza
seat,Inca Kombi
seat,Altea
seat,124
seat,Leon
seat,1500
seat,Cordoba
seat,Marbella
seat,Ronda
seat,133
seat,Ritmo
seat,600
seat,131
seat,1430
seat,Formula
seat,127
seat,Bolero
seat,Arosa
seat,Salsa
seat,Malaga
seat,Tango
simca,1100
simca,Aronde
simca,1000
simca,1300
simca,6
simca,8
simca,Plein Ceil
simca,1301
simca,Vedette
simca,1307
simca,1309
simca,2 Litres
simca,1200S
simca,Ariane
simca,Oceane
simca,Horizon
simca,11
simca,5
simca,Type 11 Monoplace
simca,1500
simca,1501
simca,1308
singer,Vogue II
singer,SM 1500
singer,Hunter
singer,Vogue III
singer,Gazelle
skoda,Fabia
skoda,Octavia
skoda,Superb
skoda,1200
skoda,Felicia
skoda,Rapid R
skoda,1202
skoda,440
skoda,Roomster
skoda,Yeti
skoda,L
skoda,Polular 995
skoda,110 L
skoda,Montreux
skoda,Praktik
skoda,Popular
skoda,Favorit
skoda,S 110 R
skoda,1000 MB
smart,ForTwo
smart,ForFour
smart,Cabrio Passion
smart,Roadster
smart,Coupe
smart,Ultimate 112
smart,Brabus
spyker,C8
ssangyong,Musso
ssangyong,Kyron
ssangyong,Rexton
ssangyong,Korando
ssangyong,Chairman H
ssangyong,Stavic
ssangyong,Rodius
ssangyong,Actyon
ssangyong,W Coupe
steyr,126
steyr,Haflinger
steyr,650T
steyr,700C
steyr,500D
steyr,2000
steyr,G-series
steyr,500
steyr,220
studebaker,Champion
studebaker,Commander
studebaker,Silver Hawk
studebaker,Sky Hawk
studebaker,Avanti
studebaker,President State
subaru,Outback Sport
subaru,Outback
subaru,Impreza
subaru,FF-1
subaru,Pleo
subaru,Legacy
subaru,Forester
subaru,Vivio
subaru,Leone
subaru,Alfa
subaru,XT
subaru,Baja
subaru,Rex
subaru,G3X
subaru,Justy
subaru,1400
subaru,R2
subaru,B9 Tribeca
subaru,DL
subaru,SVX
subaru,Mini Jumbo
subaru,Tribeca
subaru,360
subaru,Coupe
subaru,K 111
subaru,R-2
subaru,WX 01
subaru,1.8
subaru,B
subaru,STX
subaru,Traviq
subaru,HM-01
sunbeam,2 Litres
sunbeam,Rapier
sunbeam,Alpine
sunbeam,10
sunbeam,Vogue
sunbeam,Venezia
sunbeam,Imp
sunbeam,Chamois
sunbeam,Tiger
sunbeam,2-Litre
suzuki,Samurai
suzuki,Baleno
suzuki,Jimny
suzuki,Fronte
suzuki,Liana
suzuki,Twin
suzuki,Grand Vitara
suzuki,Alto
suzuki,XL6
suzuki,XL7
suzuki,Ignis
suzuki,Cappuccino
suzuki,Swift
suzuki,Light
suzuki,Cervo
suzuki,Vitara
suzuki,LJ 50
suzuki,Sea Forenza Wagon
suzuki,SJ 410
suzuki,Wagon R+
suzuki,Aerio
suzuki,Equator
suzuki,LJ 20
suzuki,EV Sport
suzuki,SX4
suzuki,Forenza
suzuki,F1
suzuki,Verona
suzuki,Sidekick
suzuki,Reno
suzuki,Lapin
suzuki,SJ 413
suzuki,Covie
suzuki,Escudo
suzuki,C2
suzuki,SC 100 GX
suzuki,Esteem
suzuki,X90
suzuki,SX
suzuki,X2
suzuki,GSX R4
talbot,1510
talbot,T 26
talbot,Horizon
talbot,Samba
talbot,Baby
talbot,Sport
talbot,Tagora
talbot,2500
talbot,Sunbeam-Lotus
talbot,Saoutchik
talbot,Lago America
talbot,Solara
tata,Indica
tata,Indigo
tata,Estate
tata,E
tata,Safari
tata,Mint
tata,E220
tata,Aria
tata,Sumo
tata,B-Line
tatra,T107
tatra,T603
tatra,T87
tatra,Tatraplan
tatra,T613
tatra,T700
tatra,T600
tatra,MTX
toyota,Corolla
toyota,RAV4
toyota,Celica
toyota,MR2
toyota,Camry
toyota,Will
toyota,Starlet
toyota,Avensis
toyota,Corona
toyota,RunX
toyota,4Runner
toyota,Previa
toyota,Land Cruiser
toyota,Crown
toyota,Yaris
toyota,Tacoma
toyota,Sienna
toyota,Condor
toyota,Matrix
toyota,Carina
toyota,Tundra
toyota,Avalon
toyota,Highlander
toyota,Supra
toyota,SA
toyota,Prius
toyota,Century
toyota,Hilux
toyota,Caldina
toyota,Allion
toyota,Sprinter
toyota,Paseo
toyota,Sequoia
toyota,Tazz
toyota,Avanza
toyota,FJ Cruiser
toyota,Publica
toyota,Aygo
toyota,Tercel
toyota,Soarer
toyota,Venza
toyota,Mark II
toyota,Bandeirante
toyota,Aristo
toyota,FXS
toyota,Vitz
toyota,Master RR
toyota,Auris
toyota,2000GT
toyota,ES 3
toyota,Cressida
toyota,Lite Ace
toyota,HMV
toyota,Altezza
toyota,Blizzard
toyota,Hi-Ace
toyota,Chaser
toyota,Quantum
toyota,Opa
toyota,Lexcen
toyota,Venture
toyota,Echo
toyota,Stallion
toyota,Corsa
toyota,Ipsum
toyota,Sport 800
toyota,105
toyota,Verossa
toyota,RSC
toyota,Picnic
toyota,Solara
toyota,Model F
toyota,Ateva
toyota,Cresta
toyota,Caserta
toyota,Fortuner
toyota,GT1
toyota,XYR
toyota,MR-S
toyota,MRJ
toyota,Sera
toyota,Dyna
toyota,Sparky
toyota,Celsior
toyota,Mega Cruiser
toyota,FCHV 5
toyota,Ractis
toyota,Retro Cruiser
toyota,Super
toyota,AA
toyota,1000
toyota,BB
toyota,Brevis
toyota,Pod
toyota,F-1
toyota,Conquest
toyota,Progress NC 300
toyota,Windom
toyota,Coaster
trabant,P 70
trabant,P 601
trabant,Universal
trabant,P 50
triumph,2000
triumph,Roadster
triumph,TR6
triumph,Dolomite
triumph,Spitfire
triumph,TR7
triumph,GT6
triumph,Vitesse
triumph,Toledo
triumph,Herald
triumph,Renown
triumph,1500
triumph,Mayflower
triumph,TR3
triumph,1300
triumph,10 Break
triumph,TR8
triumph,Stag
triumph,TR4
triumph,TR2
triumph,TR5
triumph,Dove GTR4
triumph,1800
triumph,Acclaim
triumph,2.5
tvr,Chimaera
tvr,SE
tvr,Tuscan
tvr,3000
tvr,Speed 12
tvr,Cerbera
tvr,T 350
tvr,Type S
tvr,Griffith
tvr,Vixen
tvr,Tamora
tvr,Grantura
tvr,M
tvr,Tasmin
tvr,S2
tvr,Cerbera Speed 12
tvr,Sagaris
tvr,Tuscan Speed Six
tvr,S
tvr,Speed Eight
tvr,400
tvr,350i
tvr,V8 S
tvr,7
tvr,2500
tvr,T 440 R
tvr,Trident
tvr,1600
tvr,Taimar
tvr,390
tvr,420
vauxhall,Frontera
vauxhall,Agila
vauxhall,Omega
vauxhall,Carlton
vauxhall,Cavalier
vauxhall,Vectra
vauxhall,VX220
vauxhall,Meriva
vauxhall,Astra
vauxhall,Wyvern
vauxhall,Chevette
vauxhall,Royale
vauxhall,Victor
vauxhall,Nova
vauxhall,Corsa
vauxhall,Signum
vauxhall,Viscount
vauxhall,Calibra
vauxhall,Zafira
vauxhall,Monaro
vauxhall,Firenza
vauxhall,Velox
vauxhall,Belmont
vauxhall,Viva
vauxhall,Cresta
vauxhall,Tigra
vauxhall,Magnum
vauxhall,VX4
vauxhall,Ventora
vauxhall,Maxx
vauxhall,Sintra
vauxhall,VX Lightning
vector,M12
vector,Wiegert
vector,RD 180
venturi,400
venturi,Cabriolet
venturi,Atlantique
venturi,Coupe
volkswagen,Caddy
volkswagen,Passat
volkswagen,Touareg
volkswagen,Polo
volkswagen,Golf
volkswagen,Caravelle
volkswagen,New Beetle
volkswagen,Beetle
volkswagen,Jetta
volkswagen,Sharan
volkswagen,Phaeton
volkswagen,Bora
volkswagen,Karmann-Ghia
volkswagen,1600
volkswagen,Lupo
volkswagen,Scirocco
volkswagen,Citi
volkswagen,K 70
volkswagen,Eos
volkswagen,Quantum
volkswagen,Touran
volkswagen,181
volkswagen,Microbus
volkswagen,1302
volkswagen,Vento
volkswagen,Rabbit
volkswagen,Pickup
volkswagen,Kombi
volkswagen,Multivan
volkswagen,SP2
volkswagen,Fox
volkswagen,Parati
volkswagen,Concept T
volkswagen,T5
volkswagen,Routan
volkswagen,Gol
volkswagen,LT 35 HR Panel Van
volkswagen,Fusca
volkswagen,Transporter
volkswagen,Corrado
volkswagen,GTI
volkswagen,Tiguan
volkswagen,1500
volkswagen,Derby
volkswagen,411
volkswagen,Eurovan
volkswagen,Santana
volkswagen,Iltis
volkswagen,1 Litre
volkswagen,1303
volkswagen,Magellan
volkswagen,Schwimmwagen
volkswagen,SP
volkswagen,Cabriolet
volkswagen,AAC
volkswagen,CC
volkswagen,W12
volkswagen,Commercial
volkswagen,Concept C
volkswagen,GLI
volkswagen,Hac
volkswagen,Type 3 Squareback
volkswagen,Sedan
volvo,XC90
volvo,V50
volvo,S80
volvo,S40
volvo,S60
volvo,C70
volvo,360
volvo,V70
volvo,P 1800
volvo,480
volvo,V90
volvo,XC70
volvo,145
volvo,PV 801-10
volvo,850
volvo,244
volvo,440
volvo,V40
volvo,960
volvo,245
volvo,260
volvo,740
volvo,460
volvo,120
volvo,220
volvo,240
volvo,C30
volvo,265
volvo,S90
volvo,760
volvo,Duett
volvo,P 1900
volvo,P 210 Duett
volvo,780
volvo,66
volvo,S70
volvo,PV
volvo,343
volvo,164
volvo,SCC
volvo,PV 60
volvo,144
volvo,140
volvo,940
volvo,Hatric
volvo,1800
volvo,264
volvo,YCC
volvo,PV 544 1.8
volvo,122
volvo,242
wartburg,311
wartburg,312
wartburg,353
wartburg,1.3 l Tourist
wartburg,Sports Convertible
westfield,ZEI
westfield,XTR 2
willys-overland,Dauphine
willys-overland,Interlagos
willys-overland,Rural
willys-overland,Aero-Willys 2600
willys-overland,Jeep
willys-overland,Aero
xedos,9
xedos,6
zagato,Zeta
zagato,Raptor
zagato,Zuma
zagato,Ferrari 3Z
zagato,Bravo
zagato,Hyena
zastava,1500
zastava,Yugo
zastava,2101
zastava,65
zastava,1300
zastava,750
zastava,850 K
zastava,102
zastava,103
zastava,132
zaz,966
zaz,Slavuta
zaz,Wagon
zaz,Tavrija
zaz,Jalta
zil,114
zil,117
zil,4104
acura,ZDX
aston-martin,Rapide
aston-martin,V12 Vantage
bentley,Continental Supersports
bmw,1 Series
chevrolet,Volt
chrysler,200
ferrari,458 Italia
ferrari,612 Scaglietti
ferrari,California
gmc,Terrain
honda,Accord Crosstour
honda,CR-Z
kia,Forte
kia,Soul
land-rover,LR4
lexus,CT
lexus,HS
lincoln,MKT
maybach,Landaulet
mercedes-benz,SLS
mini,Cooper Countryman
nissan,Juke
nissan,Leaf
nissan,Murano CrossCabriolet
porsche,Panamera
rolls-royce,Ghost
saab,9-4X
suzuki,Kizashi
tesla,Roadster
volvo,XC60
pagani,Zonda
pagani,Huayra
peugeot,508
audi,A1
kia,Cadenza
geely,Ck1
tata,Nano
renault,Latitude
peugeot,4007
peugeot,5008
peugeot,408
peugeot,3008
ascari,A10
koenigsegg,CC8S
koenigsegg,CCR
koenigsegg,CCX
koenigsegg,CCXR
koenigsegg,Agera
opel,Insignia
acura,CSX
acura,Vigor
audi,Fox
lexus,LFA
aston-martin,Cygnet
aston-martin,One-77
audi,A7
audi,RS5
audi,S7
bmw,640
bmw,X1
buick,Verano
chevrolet,Sonic
ferrari,FF
fisker,Karma
ford,Shelby GT500
hyundai,HED-5
hyundai,Veloster
lamborghini,Aventador
land-rover,Range Rover Evoque
mclaren,MP4-12C
mini,Cooper Coupe
mini,Cooper Roadster
mitsubishi,i-MiEV
nissan,NV
scion,FR-S
scion,iQ
toyota,Prius C
toyota,Prius V
citroen,C-Zero
dacia,Duster
renault,Duster
renault,Sandero
fiat,Freemont
holden,Colorado
holden,Epica
daewoo,Tocsa
infiniti,G25
lada,Granta
lancia,Voyager
opel,Ampera
holden,Captiva
peugeot,4008
peugeot,RCZ
renault,Symbol
renault,Thalia
renault,Twizy
seat,Exeo
zenvo,ST1
audi,Q3
audi,RS3
bmw,123
chevrolet,Orlando
hyundai,i20
hyundai,ix20
hyundai,ix35
hyundai,i40
kia,Venga
chrysler,Delta
chrysler,Ypsilon
mitsubishi,Shogun
mitsubishi,RVR
nissan,Pixo
subaru,XV
suzuki,Splash
volkswagen,GTD
volkswagen,up
ford,Ecosport
luxgen,Luxgen7
saleen,S7
ssangyong,Chairman W
ssc,Aero
ssc,Tuatara
ssc,Ultimate Aero
datsun,240Z
datsun,280Z
toyota,iQ
ford,E-Series
honda,Crosstour
acura,ILX
bmw,3 Series
bmw,5 Series
bmw,6 series
bmw,7 Series
bmw,ActiveHybrid 3
bmw,ActiveHybrid 5
bmw,ActiveHybrid 7
bmw,X5 M
bmw,X6 M
cadillac,ATS
cadillac,XTS 
chrysler,200 CONVERTIBLE
mazda,CX-5
mazda,CX-05
mazda,CX-09
mazda,SPEED3
mercedes-benz,M
volvo,X670
infiniti,G
infiniti,IPL
infiniti,JX
infiniti,QX
land-rover,ALL-NEW Range Rover
porsche,Boxter
subaru,BRZ
subaru,XV Crosstrek
bentley,Mulsane
ferrari,458
ferrari,FF HELE
maserati,Gran Turismo
mini,Coupe
mini,Roadster
Subaru,WRX
Volkswagen,Jetta SportWagen
Volvo,V60
Acura,ILX Hybrid
Acura,RLX
Alfa Romeo,4C
Aston Martin,DB9
Aston Martin,Rapide S
Aston Martin,V8 Vantage
Aston Martin,Vanquish
Audi,RS 5
Audi,RS 7
Audi,SQ5
Audi,TTS
Bentley,Flying Spur
BMW,3 Series Gran Turismo
BMW,4 Series
BMW,5 Series Gran Turismo
BMW,6 Series Gran Coupe
BMW,ALPINA B7
BMW,M6 Gran Coupe
BMW,X4
Buick,Encore
Cadillac,CTS Coupe
Cadillac,CTS Wagon
Cadillac,CTS-V Coupe
Cadillac,CTS-V Wagon
Cadillac,ELR
Cadillac,Escalade ESV
Chevrolet,Corvette Stingray
Chevrolet,Silverado 1500
Chevrolet,Silverado 2500HD
Chevrolet,Silverado 3500HD
Chevrolet,Spark EV
Chrysler,Town and Country
Dodge,SRT Viper
FIAT,500e
FIAT,500L
Ford,C-Max Energi
Ford,C-Max Hybrid
Ford,E-Series Van
Ford,E-Series Wagon
Ford,F-250 Super Duty
Ford,F-350 Super Duty
Ford,F-450 Super Duty
Ford,Focus ST
Ford,Fusion Energi
Ford,Fusion Hybrid
GMC,Sierra 1500
GMC,Sierra 2500HD
GMC,Sierra 3500HD
GMC,Yukon XL
Honda,Accord Hybrid
Honda,Accord Plug-In Hybrid
Hyundai,Elantra GT
Hyundai,Santa Fe Sport
Infiniti,Q50
Infiniti,Q60 Convertible
Infiniti,Q60 Coupe
Infiniti,QX50
Infiniti,QX60
Infiniti,QX70
Infiniti,QX80
Land Rover,LR2
Land Rover,LR4
Land Rover,Range Rover
Land Rover,Range Rover Sport
Lexus,ES 300h
Lexus,ES 350
Lexus,GS 350
Lexus,GS 450h
Lexus,GX 460
Lexus,IS 250
Lexus,IS 250 C
Lexus,IS 350
Lexus,IS 350 C
Lexus,IS F
Lexus,LS 460
Lexus,LS 600h L
Lexus,LX 570
Lexus,RX 350
Lexus,RX 450h
Mazda,MAZDA2
Mazda,MAZDA3
Mazda,MAZDA6
Mercedes-Benz,C-Class
Mercedes-Benz,CLA-Class
Mercedes-Benz,CL-Class
Mercedes-Benz,CLS-Class
Mercedes-Benz,E-Class
Mercedes-Benz,G-Class
Mercedes-Benz,GL-Class
Mercedes-Benz,GLK-Class
Mercedes-Benz,M-Class
Mercedes-Benz,S-Class
Mercedes-Benz,SL-Class
Mercedes-Benz,SLK-Class
Mercedes-Benz,SLS AMG GT
MINI,Cooper Paceman
Mitsubishi,Lancer Evolution
Mitsubishi,Lancer Sportback
Mitsubishi,Mirage
Mitsubishi,Outlander Sport
Nissan,Versa Note
Ram,1500
Ram,2500
Ram,3500
Ram,CV Tradesman
Ram,Promaster Cargo Van
Ram,Promaster Window Van
Rolls-Royce,Wraith
Scion,FR-S Convertible
Subaru,Impreza WRX
Toyota,Avalon Hybrid
Toyota,Camry Hybrid
Toyota,Highlander Hybrid
Toyota,Prius Plug-in
Toyota,RAV4 EV
Volkswagen,Beetle Convertible
Volkswagen,Jetta GLI
Volkswagen,Jetta Hybrid
Porsche,Macan
Porsche,918 Spyder
Kia,K900
Volkswagen,Golf GTI
Audi,A3 e-tron
Mercedes-Benz,GLA-Class
Cadillac,ATS Coupe
Jaguar,XS
Chevrolet,City Express
Lincoln,MKC
Lexus,NX 200t
Lexus,NX 300h
BMW,M4
Volkswagen,Golf SportWagen
Lexus,RC 350
Land Rover,Range Rover Evoque Convertible
McLaren,P1
Volkswagen,e-Golf
Acura,TLX
Volkswagen,Golf R
Lexus,RC F
Ford,Transit Wagon
Ford,Transit Van
BMW,2 Series
BMW,4 Series Gran Coupe
Jeep,Renegade
Kia,Soul EV
Aston Martin,V12 Vantage S
Land Rover,Discovery Sport
Mercedes-Benz,SLS AMG GT Final Edition
Ram,ProMaster City
Jeep,Grand Cherokee SRT
Rolls-Royce,Ghost Series II
Land Rover,Range Rover Evoque
Lexus,CT 200h
Hyundai,Sonata Hybrid
BMW,ALPINA B6 Gran Coupe
Infiniti,Q70
Infiniti,Q40
Mazda,Mazda5
Nissan,NV200
Lamborghini,Huracan
Chevrolet,Express Cargo
Maserati,GranTurismo Convertible
McLaren,650S Spider
McLaren,650S Coupe
Volvo,V60 Cross Country
Kia,Optima Hybrid
Chevrolet,Trax
Jeep,Wagoneer
Jeep,Gladiator
Acura,Mdx sport hybrid
Acura,Rlx sport hybrid
Audi,A3 e tron
Audi,A4 allroad
Audi,A6 allroad
Audi,A7 e
Audi,A8 e
Audi,Cabriolet
Audi,Gt
Audi,Q4 e tron
Audi,Q5 sportback
Audi,Q5 e
Audi,Q5 hybrid
Audi,Q8
Audi,Rs 3
Audi,Rs 4
Audi,Rs 6 avant
Audi,Rs q8
Audi,Rs e tron gt
Audi,Sq5 sportback
Audi,Sq7
Audi,Sq8
Audi,Tt rs
Audi,E tron
Audi,E tron gt
Audi,E tron s
Audi,E tron sportback
Bmw,1 series m
Bmw,228
Bmw,228 gran coupe
Bmw,230
Bmw,2500
Bmw,2600
Bmw,328 gran turismo
Bmw,328d
Bmw,330 gran turismo
Bmw,330e
Bmw,335 gran turismo
Bmw,340 gran turismo
Bmw,428
Bmw,428 gran coupe
Bmw,430
Bmw,430 gran coupe
Bmw,435
Bmw,435 gran coupe
Bmw,440
Bmw,440 gran coupe
Bmw,530e
Bmw,535 gran turismo
Bmw,535d
Bmw,550 gran turismo
Bmw,640 gran coupe
Bmw,640 gran turismo
Bmw,650 gran coupe
Bmw,740e
Bmw,745e
Bmw,8 series
Bmw,840 gran coupe
Bmw,Alpina b8 gran coupe
Bmw,Alpina xb7
Bmw,M series
Bmw,M2
Bmw,M235
Bmw,M235 gran coupe
Bmw,M240
Bmw,M340
Bmw,M440
Bmw,M440 gran coupe
Bmw,M550
Bmw,M760
Bmw,M8
Bmw,M8 gran coupe
Bmw,M850
Bmw,M850 gran coupe
Bmw,X series
Bmw,X2
Bmw,X3 m
Bmw,X3 phev
Bmw,X4 m
Bmw,X5 phev
Bmw,X5 edrive
Bmw,X7
Bmw,Z4 m
Bmw,I series
Bmw,I3
Bmw,I4 gran coupe
Bmw,I8
Bmw,Ix
Buick,California
Buick,Cascada
Buick,Electra 225
Buick,Encore gx
Buick,Envision
Buick,Gs 350
Buick,Gs 400
Buick,Gransport
Buick,Master
Buick,Model 10
Buick,Model b
Buick,Model h
Buick,Model s
Buick,Regal sportback
Buick,Regal tourx
Buick,Series 60
Buick,Special
Buick,Standard
Buick,Super
Cadillac,Ats v
Cadillac,Ct4
Cadillac,Ct4 v
Cadillac,Ct5
Cadillac,Ct5 v
Cadillac,Ct6
Cadillac,Ct6 plug in
Cadillac,Ct6 v
Cadillac,Cts v
Cadillac,Custom
Cadillac,Escalade ext
Cadillac,Escalade hybrid
Cadillac,Lyriq
Cadillac,Model a
Cadillac,Model b
Cadillac,Model h
Cadillac,Model s
Cadillac,Model t
Cadillac,Series 60
Cadillac,Series 61
Cadillac,Series 62
Cadillac,Series 75
Cadillac,Type 57
Cadillac,Xt4
Cadillac,Xt5
Cadillac,Xt6
Chevrolet,150
Chevrolet,1500
Chevrolet,210
Chevrolet,2500
Chevrolet,3100
Chevrolet,3500
Chevrolet,Apache
Chevrolet,Bolt euv
Chevrolet,Bolt ev
Chevrolet,C10 k10
Chevrolet,C20 k20
Chevrolet,C30 k30
Chevrolet,Caprice classic
Chevrolet,Captiva sport
Chevrolet,Chevy ii
Chevrolet,Classic
Chevrolet,Confederate
Chevrolet,Cruze limited
Chevrolet,Delray
Chevrolet,Express vans
Chevrolet,Express 1500
Chevrolet,Express 2500
Chevrolet,Express 3500
Chevrolet,Van
Chevrolet,Fleetline
Chevrolet,Fleetmaster
Chevrolet,Impala limited
Chevrolet,Kingswood
Chevrolet,Lumina apv
Chevrolet,Malibu classic
Chevrolet,Malibu hybrid
Chevrolet,Malibu limited
Chevrolet,Malibu maxx
Chevrolet,Master
Chevrolet,Master deluxe
Chevrolet,Parkwood
Chevrolet,Pickup truck
Chevrolet,S 10
Chevrolet,S 10 blazer
Chevrolet,Sedan delivery
Chevrolet,Silverado trucks
Chevrolet,Silverado 1500 hybrid
Chevrolet,Silverado 1500 ld
Chevrolet,Silverado 1500 limited
Chevrolet,Silverado 2500
Chevrolet,Silverado 3500
Chevrolet,Special deluxe
Chevrolet,Standard
Chevrolet,Styleline
Chevrolet,Superior
Chevrolet,Tahoe hybrid
Chevrolet,Trailblazer ext
Chrysler,300c
Chrysler,300m
Chrysler,E class
Chrysler,Fifth avenue
Chrysler,Lebaron
Chrysler,Pacifica hybrid
Chrysler,Prowler
Chrysler,Tc by maserati
Dodge,330
Dodge,400
Dodge,440
Dodge,880
Dodge,D150
Dodge,D350
Dodge,Deluxe
Dodge,Diplomat
Dodge,Hornet
Dodge,Matador
Dodge,Mini ram
Dodge,Phoenix
Dodge,Raider
Dodge,Ram trucks
Dodge,Pickup truck
Dodge,Ram 1500
Dodge,Ram 2500
Dodge,Ram 3500
Dodge,Ram van
Dodge,Ram wagon
Dodge,Ramcharger
Dodge,Special
Dodge,Standard
Dodge,Suburban
Dodge,Van
Dodge,W250
Ford,Bronco sport
Ford,C max energi
Ford,C max hybrid
Ford,Club wagon
Ford,Country
Ford,Coupe
Ford,Crestliner
Ford,Custom 300
Ford,Customline
Ford,Deluxe
Ford,Econoline vans
Ford,E150
Ford,E250
Ford,E350
Ford,E350 super duty
Ford,Van
Ford,Escape hybrid
Ford,Escape phev
Ford,Expedition all
Ford,Expedition el
Ford,Expedition max
Ford,Explorer sport
Ford,Explorer sport trac
Ford,F 150 lightning
Ford,F series trucks
Ford,F 150
Ford,F 250
Ford,F 350
Ford,F 450
Ford,F100
Ford,Fairlane 500
Ford,Focus electric
Ford,Focus rs
Ford,Galaxie 500
Ford,Model 18
Ford,Model 81a
Ford,Model 89a
Ford,Model a
Ford,Model b
Ford,Model s
Ford,Model t
Ford,Mustang mach e
Ford,Mustang shelby gt
Ford,Parklane
Ford,Phaeton
Ford,Pickup truck
Ford,Pinto
Ford,Roadster
Ford,Sedan delivery
Ford,Sedan police interceptor
Ford,Shelby gt350
Ford,Shelby gt350r
Ford,Sunliner
Ford,Super deluxe
Ford,Torino cobra
Ford,Torino gt
Ford,Transit 150
Ford,Transit 250
Ford,Transit 350
Ford,Utility police interceptor
Ford,Xl
Ford,Zx2
Gmc,1500
Gmc,2500
Gmc,3500
Gmc,Acadia limited
Gmc,Envoy xl
Gmc,Envoy xuv
Gmc,Hummer ev
Gmc,S 15 jimmy
Gmc,Savana vans
Gmc,Savana 1500
Gmc,Savana 2500
Gmc,Savana 3500
Gmc,Sierra trucks
Gmc,Pickup truck
Gmc,Sierra 1500 hybrid
Gmc,Sierra 1500 limited
Gmc,Sierra 2500
Gmc,Sierra 3500
Gmc,Sprint
Gmc,Van
Gmc,Vandura
Gmc,Yukon hybrid
Honda,600
Honda,Accord plug in hybrid
Honda,Cr v
Honda,Cr v hybrid
Honda,Cr z
Honda,Civic hybrid
Honda,Civic si
Honda,Civic type r
Honda,Clarity plug in hybrid
Honda,Hr v
Honda,Del sol
Hyundai,Elantra hev
Hyundai,Elantra n
Hyundai,Elantra touring
Hyundai,Ioniq 5
Hyundai,Ioniq ev
Hyundai,Ioniq hybrid
Hyundai,Ioniq plug in hybrid
Hyundai,Kona
Hyundai,Kona ev
Hyundai,Kona n
Hyundai,Nexo
Hyundai,Palisade
Hyundai,Santa cruz
Hyundai,Santa fe hev
Hyundai,Santa fe plug in hybrid
Hyundai,Santa fe xl
Hyundai,Sonata plug in hybrid
Hyundai,Tucson hybrid
Hyundai,Tucson plug in hybrid
Hyundai,Veloster n
Hyundai,Venue
Hyundai,Xg350
Infiniti,Ex35
Infiniti,Ex37
Infiniti,Fx all
Infiniti,Fx35
Infiniti,Fx37
Infiniti,Fx45
Infiniti,Fx50
Infiniti,G all
Infiniti,G25x
Infiniti,G35x
Infiniti,G37x
Infiniti,I all
Infiniti,Ipl g
Infiniti,Jx35
Infiniti,M all
Infiniti,M30
Infiniti,M35
Infiniti,M35h
Infiniti,M35x
Infiniti,M37
Infiniti,M37x
Infiniti,M45
Infiniti,M45x
Infiniti,M56
Infiniti,M56x
Infiniti,Q50 hybrid
Infiniti,Q60
Infiniti,Q60 ipl
Infiniti,Q70l
Infiniti,Q70h
Infiniti,Qx all
Infiniti,Qx30
Infiniti,Qx55
Infiniti,Qx60 hybrid
Jaguar,340
Jaguar,420
Jaguar,D type
Jaguar,E pace
Jaguar,F pace
Jaguar,F type
Jaguar,I pace
Jaguar,Mark ii
Jaguar,Mark v
Jaguar,Mark vii
Jaguar,Mark viii
Jaguar,S type
Jaguar,X type
Jaguar,Xe
Jaguar,Xk 120
Jaguar,Xk 140
Jaguar,Xk 150
Jaguar,Xke
Jeep,Cj 5
Jeep,Cj 7
Jeep,Comanche
Jeep,Commando
Jeep,Grand cherokee 4xe
Jeep,Grand cherokee l
Jeep,Grand cherokee wk
Jeep,J10
Jeep,New compass
Jeep,Scrambler
Jeep,Wrangler 4xe
Jeep,Wrangler jk
Jeep,Wrangler jk unlimited
Jeep,Wrangler unlimited
Jeep,Wrangler unlimited 4xe
Kia,Ev6
Kia,Forte koup
Kia,K5
Kia,Niro
Kia,Niro ev
Kia,Niro plug in hybrid
Kia,Optima plug in hybrid
Kia,Rio5
Kia,Seltos
Kia,Sorento hybrid
Kia,Sorento plug in hybrid
Kia,Sportage hybrid
Kia,Sportage plug in hybrid
Kia,Stinger
Kia,Telluride
Land rover,Defender
Land rover,Discovery
Land rover,Freelander
Land rover,Lr3
Land rover,Range rover velar
Land rover,Series ii
Land rover,Series iii
Lexus,Es all
Lexus,Es 250
Lexus,Es 300
Lexus,Es 330
Lexus,Gs all
Lexus,Gs 200t
Lexus,Gs 300
Lexus,Gs 400
Lexus,Gs 430
Lexus,Gs 460
Lexus,Gs f
Lexus,Gx 470
Lexus,Hs 250h
Lexus,Is all
Lexus,Is 200t
Lexus,Is 250c
Lexus,Is 300
Lexus,Is 350c
Lexus,Is 500
Lexus,Lc 500
Lexus,Lc 500h
Lexus,Ls all
Lexus,Ls 400
Lexus,Ls 430
Lexus,Ls 500
Lexus,Ls 500h
Lexus,Lx all
Lexus,Lx 450
Lexus,Lx 470
Lexus,Lx 600
Lexus,Nx 250
Lexus,Nx 300
Lexus,Nx 350
Lexus,Nx 350h
Lexus,Nx 450h plus
Lexus,Rc 200t
Lexus,Rc 300
Lexus,Rx all
Lexus,Rx 300
Lexus,Rx 330
Lexus,Rx 350l
Lexus,Rx 400h
Lexus,Rx 450hl
Lexus,Sc all
Lexus,Sc 300
Lexus,Sc 400
Lexus,Sc 430
Lexus,Ux 200
Lexus,Ux 250h
Lincoln,Corsair
Lincoln,Custom
Lincoln,Mkz hybrid
Lincoln,Mark ii
Lincoln,Mark iii
Lincoln,Mark iv
Lincoln,Mark v
Lincoln,Nautilus
Lincoln,Navigator l
Lincoln,Versailles
Mazda,1200
Mazda,B series trucks
Mazda,B2000
Mazda,B2200
Mazda,B2600
Mazda,Cx 3
Mazda,Cx 30
Mazda,Cx 5
Mazda,Cx 50
Mazda,Cx 7
Mazda,Cx 9
Mazda,Mx 3
Mazda,Mx 30
Mazda,Mx 5 miata
Mazda,Mx 5 miata rf
Mazda,Mazdaspeed miata mx 5
Mazda,Pickup truck
Mazda,Protege5
Mazda,Rx 7
Mazda,Rx 8
Mazda,Tribute hybrid
Mercedes benz,190
Mercedes benz,190sl
Mercedes benz,200
Mercedes benz,230
Mercedes benz,230sl
Mercedes benz,240
Mercedes benz,280se
Mercedes benz,280sl
Mercedes benz,300
Mercedes benz,300c
Mercedes benz,380sl
Mercedes benz,450sl
Mercedes benz,600
Mercedes benz,A class
Mercedes benz,Amg a 35
Mercedes benz,Amg glb 35
Mercedes benz,Amg gt
Mercedes benz,Amg gt 43
Mercedes benz,Amg gt 53
Mercedes benz,Amg gt 63
Mercedes benz,B class
Mercedes benz,B class electric drive
Mercedes benz,C all
Mercedes benz,Amg c
Mercedes benz,Amg c 43
Mercedes benz,Amg c 63
Mercedes benz,C class
Mercedes benz,Cl class
Mercedes benz,Cla all
Mercedes benz,Amg cla
Mercedes benz,Amg cla 35
Mercedes benz,Amg cla 45
Mercedes benz,Cla 250
Mercedes benz,Cla class
Mercedes benz,Clk class
Mercedes benz,Cls all
Mercedes benz,Amg cls 53
Mercedes benz,Amg cls 63
Mercedes benz,Cls 450
Mercedes benz,Cls 550
Mercedes benz,Cls class
Mercedes benz,E all
Mercedes benz,Amg e
Mercedes benz,Amg e 43
Mercedes benz,Amg e 53
Mercedes benz,Amg e 63
Mercedes benz,E class
Mercedes benz,Eqb 350
Mercedes benz,Eqs 450 plus
Mercedes benz,Eqs 580
Mercedes benz,G all
Mercedes benz,Amg g
Mercedes benz,Amg g 63
Mercedes benz,G 550 4x4 squared
Mercedes benz,G class
Mercedes benz,Gl all
Mercedes benz,Amg gl
Mercedes benz,Gl class
Mercedes benz,Gla all
Mercedes benz,Amg gla
Mercedes benz,Amg gla 35
Mercedes benz,Amg gla 45
Mercedes benz,Gla 250
Mercedes benz,Gla class
Mercedes benz,Glb 250
Mercedes benz,Glc all
Mercedes benz,Amg glc 43
Mercedes benz,Amg glc 63
Mercedes benz,Glc 300
Mercedes benz,Glc 350e
Mercedes benz,Glc class
Mercedes benz,Gle all
Mercedes benz,Amg gle
Mercedes benz,Amg gle 43
Mercedes benz,Amg gle 53
Mercedes benz,Amg gle 63
Mercedes benz,Gle 350
Mercedes benz,Gle 400
Mercedes benz,Gle 450
Mercedes benz,Gle 550e plug in hybrid
Mercedes benz,Gle 580
Mercedes benz,Gle class
Mercedes benz,Glk class
Mercedes benz,Gls all
Mercedes benz,Amg gls 63
Mercedes benz,Gls 450
Mercedes benz,Gls 550
Mercedes benz,Gls 580
Mercedes benz,Maybach gls 600
Mercedes benz,M class
Mercedes benz,Maybach s
Mercedes benz,Maybach s 560
Mercedes benz,Maybach s 580
Mercedes benz,Maybach s 650
Mercedes benz,Metris
Mercedes benz,R class
Mercedes benz,S all
Mercedes benz,Amg s
Mercedes benz,Amg s 63
Mercedes benz,Amg s 65
Mercedes benz,S class
Mercedes benz,Sl all
Mercedes benz,Amg sl
Mercedes benz,Amg sl 55
Mercedes benz,Amg sl 63
Mercedes benz,Sl 450
Mercedes benz,Sl 550
Mercedes benz,Sl class
Mercedes benz,Slc all
Mercedes benz,Amg slc 43
Mercedes benz,Slc 300
Mercedes benz,Slk all
Mercedes benz,Slk class
Mercedes benz,Slr mclaren
Mercedes benz,Sls amg
Mercedes benz,Sprinter
Mercedes benz,Sprinter 1500
Mercedes benz,Sprinter 2500
Mercedes benz,Sprinter 3500
Mercedes benz,Sprinter 3500xd
Mercedes benz,Sprinter 4500
Mitsubishi,Eclipse cross
Mitsubishi,Expo
Mitsubishi,Mirage g4
Mitsubishi,Montero sport
Mitsubishi,Outlander phev
Mitsubishi,Pickup truck
Mitsubishi,I miev
Nissan,200sx
Nissan,240sx
Nissan,280zx
Nissan,300zx
Nissan,Altima hybrid
Nissan,Gt r
Nissan,Kicks
Nissan,Murano hybrid
Nissan,Nv vans
Nissan,Nv cargo
Nissan,Nv cargo nv1500
Nissan,Nv cargo nv2500 hd
Nissan,Nv cargo nv3500 hd
Nissan,Nv passenger
Nissan,Nv passenger nv3500 hd
Nissan,Nx
Nissan,Pathfinder hybrid
Nissan,Pickup truck
Nissan,Rogue hybrid
Nissan,Rogue select
Nissan,Rogue sport
Nissan,Titan xd
Nissan,Van
Porsche,718 boxster
Porsche,718 cayman
Porsche,718 spyder
Porsche,Cayenne e hybrid
Porsche,Cayenne e hybrid coupe
Porsche,Cayenne hybrid
Porsche,Panamera e hybrid
Porsche,Panamera e hybrid sport turismo
Porsche,Panamera hybrid
Porsche,Panamera sport turismo
Porsche,S90
Porsche,Taycan
Porsche,Taycan cross turismo
Ram,1500 classic
Ram,Cargo
Ram,Promaster 1500
Ram,Promaster 2500
Ram,Promaster 2500 window van
Ram,Promaster 3500
Ram,Promaster 3500 window van
Subaru,1600
Subaru,Ascent
Subaru,Crosstrek
Subaru,Crosstrek hybrid
Subaru,Impreza outback sport
Subaru,Impreza wrx sti
Subaru,Sti s209
Subaru,Wrx sti
Subaru,Xv crosstrek hybrid
Tesla,Model 3
Tesla,Model s
Tesla,Model x
Tesla,Model y
Toyota,86
Toyota,C hr
Toyota,Camry solara
Toyota,Corolla cross
Toyota,Corolla hatchback
Toyota,Corolla hybrid
Toyota,Corolla im
Toyota,Gr86
Toyota,Mirai
Toyota,Pickup truck
Toyota,Prius plug in
Toyota,Prius prime
Toyota,Rav4 hybrid
Toyota,Rav4 prime
Toyota,T100
Toyota,Tundra hybrid
Toyota,Van
Toyota,Yaris sedan
Toyota,Yaris ia
Toyota,Bz4x
Volkswagen,Arteon
Volkswagen,Atlas
Volkswagen,Atlas cross sport
Volkswagen,Beetle pre 1980
Volkswagen,Cabrio
Volkswagen,Golf alltrack
Volkswagen,Id.4
Volkswagen,Karmann ghia
Volkswagen,New cabrio
Volkswagen,R32
Volkswagen,Super beetle
Volkswagen,Taos
Volkswagen,Thing
Volkswagen,Tiguan limited
Volkswagen,Touareg 2
Volkswagen,Touareg hybrid
Volkswagen,Type 3
Volkswagen,Van
Volkswagen,Vanagon
Volkswagen,E golf
Volvo,C40 recharge pure electric
Volvo,Coupe
Volvo,Dl
Volvo,S60 cross country
Volvo,S60 hybrid
Volvo,S60 inscription
Volvo,S60 recharge plug in hybrid
Volvo,S90 hybrid
Volvo,S90 recharge plug in hybrid
Volvo,V60 hybrid
Volvo,V60 recharge plug in hybrid
Volvo,V90 cross country
Volvo,Xc40
Volvo,Xc40 recharge pure electric
Volvo,Xc60 hybrid
Volvo,Xc60 recharge plug in hybrid
Volvo,Xc90 hybrid
Volvo,Xc90 recharge plug in hybrid
Ac,Shelby cobra
Alfa romeo,164
Alfa romeo,1900
Alfa romeo,2000
Alfa romeo,2600
Alfa romeo,4c spider
Alfa romeo,8c competizione
Alfa romeo,Duetto
Alfa romeo,Gtv
Alfa romeo,Giulia
Alfa romeo,Giulietta
Alfa romeo,Spider
Alfa romeo,Sprint
Alfa romeo,Stelvio
Am general,Hummer
American motors,Ambassador
American motors,Classic
American motors,Concord
American motors,Eagle 30
American motors,Encore
American motors,Hornet
American motors,Matador
American motors,Metropolitan
American motors,Pacer
American motors,Rogue
Aston martin,Db ar1 zagato
Aston martin,Db11
Aston martin,Db2 4
Aston martin,Db4
Aston martin,Db5
Aston martin,Db6
Aston martin,Db7
Aston martin,Db7 vantage
Aston martin,Dbs
Aston martin,Dbx
Aston martin,Rapide
Aston martin,V12 vanquish
Aston martin,V12 vantage
Aston martin,V8 vantage s
Aston martin,Vantage
Aston martin,Vantage gt
Aston martin,Virage
Aston martin,Volante
Austin healey,100
Austin healey,100 6
Austin healey,100m
Austin healey,3000
Austin healey,3000 mk ii
Austin healey,3000 mk iii
Austin healey,Sprite
Avanti motors,Avanti
Avanti motors,Avanti ii
Bentley,Bentayga
Bentley,Bentayga hybrid
Bentley,Corniche
Bentley,Eight
Bentley,Flying spur hybrid
Bentley,R type
Bentley,S3
Bentley,Turbo r
Bugatti,Veyron 16.4
Citroen,Ds21
Datsun,110
Datsun,1500
Datsun,2000
Datsun,200sx
Datsun,210
Datsun,280zx
Datsun,510
Datsun,620
Datsun,Maxima
Datsun,Sentra
Delorean,Dmc 12
Desoto,Adventurer
Desoto,Custom
Desoto,Deluxe
Desoto,Firedome
Desoto,Sc
Detomaso,Mangusta
Detomaso,Pantera
Edsel,Corsair
Edsel,Pacer
Edsel,Ranger
Edsel,Villager
Ferrari,328
Ferrari,360 modena
Ferrari,360 spider
Ferrari,365
Ferrari,400i
Ferrari,456 gt
Ferrari,456 m
Ferrari,458 speciale
Ferrari,458 spider
Ferrari,488 gtb
Ferrari,488 pista
Ferrari,488 pista spider
Ferrari,488 spider
Ferrari,512
Ferrari,550 maranello
Ferrari,575 m
Ferrari,599 gto
Ferrari,812 gts
Ferrari,812 superfast
Ferrari,Challenge stradale
Ferrari,Daytona
Ferrari,F12berlinetta
Ferrari,F12tdf
Ferrari,F8 spider
Ferrari,F8 tributo
Ferrari,Gt
Ferrari,Gt 2 plus 2
Ferrari,Gtc4lusso
Ferrari,Laferrari aperta
Ferrari,Mondial t
Ferrari,Portofino
Ferrari,Portofino m
Ferrari,Roma
Ferrari,Sf90 spider
Ferrari,Sf90 stradale
Fiat,124 spider
Fiat,500c
Fiat,500x
Fiat,Pininfarina
Fiat,Spider 2000
Genesis,G70
Genesis,G80
Genesis,G90
Genesis,Gv60
Genesis,Gv70
Genesis,Gv80
Geo,Metro
Geo,Prizm
Geo,Storm
Geo,Tracker
Hudson,Custom
Hudson,Deluxe
Hudson,Eight
Hudson,Pickup truck
Hudson,Standard
Hudson,Super
Hudson,Super eight
Hudson,Super six
Hummer,H1 alpha
Hummer,H3t
International,M
International,Mxt
International,Pickup truck
International,Scout
Isuzu,Isuzu trucks
Isuzu,Pickup truck
Isuzu,I 290
Isuzu,Rodeo sport
Jensen,Gt
Jensen,Jensen healey
Kaiser,Darrin
Kaiser,Manhattan
Kaiser,Special
Karma,Gs 6
Karma,Revero
Lamborghini,400 gt
Lamborghini,Aventador s
Lamborghini,Aventador svj
Lamborghini,Huracan evo
Lamborghini,Huracan sto
Lamborghini,Silhouette
Lamborghini,Urus
Lasalle,328
Lasalle,340
Lasalle,50
Lotus,Esprit v8
Lotus,Evora 400
Lotus,Evora gt
Lotus,Exige s
Lucid,Air
Maserati,Gransport spyder
Maserati,Levante
Maserati,Mc20
Maserati,Sebring
Maybach,Type 57
Maybach,Type 62
Mclaren,570gt
Mclaren,570s
Mclaren,600lt
Mclaren,620r
Mclaren,650s
Mclaren,675lt
Mclaren,720s
Mclaren,765lt
Mclaren,Elva
Mclaren,Gt
Mclaren,Mp4 12c
Mclaren,Senna
Mercury,Colony park
Mercury,Custom
Mercury,Eight
Mercury,Mariner hybrid
Mercury,Marquis
Mercury,Medalist
Mercury,Milan hybrid
Mercury,Parklane
Mercury,Series 19a
Mercury,Voyager
Mercury,Zephyr
Mg,Tc roadster
Mg,Yt
Mini,Convertible
Mini,Cooper s
Mini,Cooper s clubman
Mini,Cooper s countryman
Mini,E countryman
Mini,Hardtop
Mini,John cooper works gp
Mini,Paceman
Mini,Se countryman
Mini,Se hardtop
Nash,400
Nash,600
Nash,880
Nash,Ambassador
Nash,Deluxe
Nash,Metropolitan
Nash,Special
Nash,Standard
Nash,Statesman
Nash,Super
Oldsmobile,76
Oldsmobile,Custom
Oldsmobile,Cutlass calais
Oldsmobile,Cutlass ciera
Oldsmobile,Cutlass supreme
Oldsmobile,Defender
Oldsmobile,Dynamic 88
Oldsmobile,Eighty eight
Oldsmobile,Fiesta
Oldsmobile,Model a
Oldsmobile,Model b
Oldsmobile,Model h
Oldsmobile,Model s
Oldsmobile,Model x
Oldsmobile,Regency
Oldsmobile,Special
Oldsmobile,Super 88
Opel,1900
Opel,Caravan
Packard,110
Packard,120
Packard,1200
Packard,1600
Packard,200
Packard,300
Packard,400
Packard,626
Packard,640
Packard,645
Packard,740
Packard,745
Packard,840
Packard,900
Packard,Caribbean
Packard,Cavalier
Packard,Clipper
Packard,Custom
Packard,Deluxe
Packard,Eight
Packard,Lebaron
Packard,Model 18
Packard,Model a
Packard,Model b
Packard,Model s
Packard,Standard
Packard,Super
Packard,Super eight
Plymouth,Concord
Plymouth,Conquest
Plymouth,Cranbrook
Plymouth,Cuda
Plymouth,Deluxe
Plymouth,Duster
Plymouth,Grand voyager
Plymouth,Pickup truck
Plymouth,Roadrunner
Plymouth,Satellite
Plymouth,Savoy
Plymouth,Scamp
Plymouth,Sebring
Plymouth,Sedan delivery
Plymouth,Special deluxe
Plymouth,Sport fury
Plymouth,Standard
Plymouth,Suburban
Plymouth,Van
Polestar,1
Polestar,2
Pontiac,2000
Pontiac,Chieftain
Pontiac,Custom
Pontiac,Deluxe
Pontiac,Grand ville
Pontiac,Montana sv6
Pontiac,Safari
Pontiac,Streamliner
Pontiac,Super deluxe
Qvale,Mangusta
Rivian,R1s
Rivian,R1t
Rolls royce,Corniche
Rolls royce,Cullinan
Rolls royce,Dawn
Rolls royce,Ghost
Rolls royce,Phantom
Rolls royce,Phantom coupe
Rolls royce,Phantom drophead coupe
Rolls royce,Phantom v
Rolls royce,Phantom vi
Rolls royce,Silver cloud i
Rolls royce,Silver cloud ii
Rolls royce,Silver cloud iii
Rolls royce,Silver dawn
Rolls royce,Silver seraph
Rolls royce,Silver shadow
Rolls royce,Silver shadow ii
Rolls royce,Silver spirit
Rolls royce,Silver spur
Rolls royce,Silver spur ii
Rolls royce,Silver wraith
Rolls royce,Silver wraith ii
Rolls royce,Wraith
Saab,9 3
Saab,9 3x
Saab,9 4x
Saab,9 5
Saab,9 7x
Saab,Gt
Saab,Monte carlo
Saturn,Aura hybrid all
Saturn,Aura green line
Saturn,Sw
Saturn,Vue hybrid all
Saturn,Vue green line
Saturn,Vue hybrid
Scion,Fr s
Scion,Ia
Scion,Im
Smart,Eq fortwo
Smart,Fortwo electric drive
Studebaker,440
Studebaker,Challenger
Studebaker,Daytona
Studebaker,Dictator
Studebaker,Golden hawk
Studebaker,Gran turismo hawk
Studebaker,Land cruiser
Studebaker,Lark
Studebaker,Model a
Studebaker,Model b
Studebaker,Model h
Studebaker,Pickup truck
Studebaker,President
Studebaker,Regal
Triumph,1200
Triumph,Tr250
Willys,Cj 5
Willys,Jeepster
Willys,Maverick
Willys,Pickup truck
