m,a,k,e
a,b,a,r,t,h
a,c
a,c,u,r,a
A,l,f,a, ,R,o,m,e,o
a,l,f,a,-,r,o,m,e,o
a,l,l,a,r,d
a,l,p,i,n,a
a,l,p,i,n,e
a,l,v,i,s
A,m, ,g,e,n,e,r,a,l
a,m,c
A,m,e,r,i,c,a,n, ,m,o,t,o,r,s
a,r,i,e,l
a,r,m,s,t,r,o,n,g,-,s,i,d,d,e,l,e,y
a,s,c,a,r,i
A,s,t,o,n, ,M,a,r,t,i,n
a,s,t,o,n,-,m,a,r,t,i,n
a,u,d,i
a,u,s,t,i,n
A,u,s,t,i,n, ,h,e,a,l,e,y
a,u,s,t,i,n,-,h,e,a,l,e,y
a,u,t,o,b,i,a,n,c,h,i
a,u,v,e,r,l,a,n,d
a,v,a,n,t,i
A,v,a,n,t,i, ,m,o,t,o,r,s
b,e,i,j,i,n,g
b,e,n,t,l,e,y
b,e,r,k,e,l,e,y
b,i,t,t,e,r
b,i,z,z,a,r,r,i,n,i
b,m,w
b,r,i,l,l,i,a,n,c,e
b,r,i,s,t,o,l
b,u,g,a,t,t,i
b,u,i,c,k
c,a,d,i,l,l,a,c
c,a,t,e,r,h,a,m
c,h,e,c,k,e,r
c,h,e,v,r,o,l,e,t
c,h,r,y,s,l,e,r
c,i,t,r,o,e,n
d,a,c,i,a
d,a,e,w,o,o
d,a,f
d,a,i,h,a,t,s,u
d,a,i,m,l,e,r
d,a,t,s,u,n
d,e,-,t,o,m,a,s,o
D,e,l,o,r,e,a,n
D,e,s,o,t,o
D,e,t,o,m,a,s,o
d,k,w
d,o,d,g,e
d,o,n,k,e,r,v,o,o,r,t
e,a,g,l,e
E,d,s,e,l
f,a,i,r,t,h,o,r,p,e
f,e,r,r,a,r,i
f,i,a,t
f,i,s,k,e,r
f,o,r,d
g,a,z
g,e,e,l,y
G,e,n,e,s,i,s
G,e,o
g,i,n,e,t,t,a
g,m,c
h,o,l,d,e,n
h,o,n,d,a
h,u,d,s,o,n
h,u,m,b,e,r
h,u,m,m,e,r
h,y,u,n,d,a,i
i,n,f,i,n,i,t,i
i,n,n,o,c,e,n,t,i
I,n,t,e,r,n,a,t,i,o,n,a,l
i,s,u,z,u
i,t,a,l,d,e,s,i,g,n
j,a,g,u,a,r
j,e,e,p
j,e,n,s,e,n
K,a,i,s,e,r
K,a,r,m,a
k,i,a
k,o,e,n,i,g,s,e,g,g
l,a,d,a
l,a,m,b,o,r,g,h,i,n,i
l,a,n,c,i,a
L,a,n,d, ,R,o,v,e,r
l,a,n,d,-,r,o,v,e,r
L,a,s,a,l,l,e
l,e,x,u,s
l,i,n,c,o,l,n
l,o,t,e,c
l,o,t,u,s
L,u,c,i,d
l,u,x,g,e,n
m,a,h,i,n,d,r,a
m,a,r,c,o,s
m,a,s,e,r,a,t,i
m,a,t,r,a,-,s,i,m,c,a
m,a,y,b,a,c,h
m,a,z,d,a
m,c,c
m,c,l,a,r,e,n
M,e,r,c,e,d,e,s, ,b,e,n,z
m,e,r,c,e,d,e,s,-,b,e,n,z
m,e,r,c,u,r,y
m,g
m,i,n,i
m,i,t,s,u,b,i,s,h,i
m,o,n,t,e,v,e,r,d,i
m,o,r,e,t,t,i
m,o,r,g,a,n
m,o,r,r,i,s
N,a,s,h
n,i,s,s,a,n
n,o,b,l,e
n,s,u
o,l,d,s,m,o,b,i,l,e
o,p,e,l
p,a,c,k,a,r,d
p,a,g,a,n,i
p,a,n,o,z
p,e,u,g,e,o,t
p,i,n,i,n,f,a,r,i,n,a
p,l,y,m,o,u,t,h
P,o,l,e,s,t,a,r
p,o,n,t,i,a,c
p,o,r,s,c,h,e
p,r,o,t,o,n
Q,v,a,l,e
R,a,m
r,e,l,i,a,n,t
r,e,n,a,u,l,t
r,i,l,e,y
R,i,v,i,a,n
R,o,l,l,s, ,r,o,y,c,e
r,o,l,l,s,-,r,o,y,c,e
r,o,v,e,r
s,a,a,b
s,a,l,e,e,n
s,a,m,s,u,n,g
s,a,t,u,r,n
s,c,i,o,n
s,e,a,t
s,i,m,c,a
s,i,n,g,e,r
s,k,o,d,a
s,m,a,r,t
s,p,y,k,e,r
s,s,a,n,g,y,o,n,g
s,s,c
s,t,e,y,r
s,t,u,d,e,b,a,k,e,r
s,u,b,a,r,u
s,u,n,b,e,a,m
s,u,z,u,k,i
t,a,l,b,o,t
t,a,t,a
t,a,t,r,a
t,e,s,l,a
t,o,y,o,t,a
t,r,a,b,a,n,t
t,r,i,u,m,p,h
t,v,r
v,a,u,x,h,a,l,l
v,e,c,t,o,r
v,e,n,t,u,r,i
v,o,l,k,s,w,a,g,e,n
v,o,l,v,o
w,a,r,t,b,u,r,g
w,e,s,t,f,i,e,l,d
W,i,l,l,y,s
w,i,l,l,y,s,-,o,v,e,r,l,a,n,d
x,e,d,o,s
z,a,g,a,t,o
z,a,s,t,a,v,a
z,a,z
z,e,n,v,o
z,i,l
